Country or area name Location,Location-specific note Notes,Location code LocID,ISO3 Alpha-code  ISO3_Code,ISO2_Code,SDMX_Code,Subregion code SubRegID,Subregion name  SubRegName,SDG subregion code  SDGRegID,SDG subregion name  SDGRegName,Geographic region code  GeoRegID,Geographic region name  GeoRegName,"Code for inventory of data sources maintained by the Population Division, Department of Economic and Social Affairs, United Nations  DataCatalogID",Abbreviated short name for data source  DataCatalogShortme,Long name for data source that includes the type of data source and reference year  DataCatalogName,Year when data collection began ReferenceYearStart,Year when data collection ended ReferenceYearEnd,"Code for the type of process used to collect or obtain the data values (e.g., census, survey, etc.) DataProcessTypeID","Type of process used to collect or obtain the data values (e.g., census, survey, etc.)  DataProcessType","Code for specific process used to collect or obtain the data values (e.g., specific international data collection program)  DataProcessID","Specific process used to collect or obtain the data values (e.g., specific international data collection program)  DataProcess",Year of latest available data value  Latest_Year_available,"In the absence of statistics indicative of overall mortality levels and trends, mortality was assumed to have levels similar to those estimated for neighbouring countries with similar socio-economic conditions.  Based_on_Neighbouring_Countries",Estimates from international data sources of life expectancy at birth and age-specific mortality  Global_Estimates,Year of latest estimates from international data sources  Global_Estimates_Latest,Official estimates (unadjusted) of life expectancy at birth and age-specific mortality  Official_Estimates,Registered deaths by age and sex Registered_Deaths,Registered deaths by age and sex (unadjusted)  Registered_Deaths_unadjusted,Registered deaths by age and sex (adjusted for underregistration)  Registered_Deaths_adjusted,Registered adult deaths adjusted for underregistration using Death Distribution Methods (DDM such as Generalized Growth Balance and Synthetic Extinct Generation methods)  Registered_Deaths_adjusted_Adult_DDM,Registered deaths adjusted for underreporting of infant and child deaths  Registered_Deaths_adjusted_Under_Five,Mortality rates based on registered deaths adjusted at older ages  Registered_Deaths_adjusted_at_Older_Ages,Type of age-specific mortality pattern: empirical or model-based  Age_Specific_Type_of_Pattern,Age_Specific_Mortality_Input_Data,Empirical_LT_smoothing_input,Empirical_LT_smoothing_output,"Type of age-specific model-based pattern: Coale-Demeny (East, North, South, West), HIV/AIDS, LogQuad, LogQuad extended, United Nations (Far Eastern, General, Latin American, South-Asian)  Age_Specific_Type_of_Model","Type of summary indices of mortality used as input such as infant mortality (1q0), under-five mortality (5q0), adult mortality (45q15), life expectancy at birth (e0), adult HIV prevalence and ART coverage (child & adult)  Age_Specific_Type_of_Inputs",Use estimates of under-five mortality to derive overall mortality by assuming that the age pattern of mortality conforms to model life tables  Derived_from_Child_Mortality,Use estimates of adult (35q15 or 45q15) and old age mortality (15q60)  Use_Adult_Mortality,The demographic impact of AIDS has been factored into the mortality estimates  HIV_AIDS_Mortality_Impact
Afghanistan,,4,AFG,AF,4,5501,Southern Asia,921,Central and Southern Asia,935,Asia,6118,Register,Vital Registration,1950,,9,Register,36,VR,,,,,,Used,Used,,,,,Model-based,Abridged,None,None,CD West,5q0,Yes,,
Albania,,8,ALB,AL,8,925,Southern Europe,1829,Europe and Northern America,908,Europe,2029,Estimates,All sources of estimates,1950,,6,Estimate,6,Estimate,1989,,Used,2021,Used,,,,,,,Empirical,Abridged,5-years,MAV-3,LogQuad,"1q0, 5q0 and 45q15",,,
Albania,,8,ALB,AL,8,925,Southern Europe,1829,Europe and Northern America,908,Europe,471,Register,Vital Registration,1948,,9,Register,36,VR,2021,,,,,Used,Used,,Used,Used,Used,Empirical,Abridged,5-years,MAV-3,LogQuad,"1q0, 5q0 and 45q15",,,
Algeria,,12,DZA,DZ,12,912,Northern Africa,1833,Northern Africa and Western Asia,903,Africa,2030,Estimates,All sources of estimates,1950,,6,Estimate,6,Estimate,2019,,,,Used,,,,,,,Empirical,Abridged,3-years,MAV,LogQuad,"1q0, 5q0 and 45q15",,,
Algeria,,12,DZA,DZ,12,912,Northern Africa,1833,Northern Africa and Western Asia,903,Africa,495,Register,Vital Registration,1948,,9,Register,36,VR,2019,,,,,Used,Used,,Used,Used,Used,Empirical,Abridged,3-years,MAV,LogQuad,"1q0, 5q0 and 45q15",,,
American Samoa,30,16,ASM,AS,16,957,Polynesia,1835,Oceania (excluding Australia and New Zealand),909,Oceania,4411,Register,Vital Registration,1948,,9,Register,36,VR,2019,,,,,Used,Used,,,,Used,Empirical,Abridged,7-years,MAV-3,,,,,
Andorra,,20,AND,AD,20,925,Southern Europe,1829,Europe and Northern America,908,Europe,3038,Register,Vital Registration,1950,,9,Register,36,VR,2015,,,,,Used,Used,,Used,,,Model-based,Abridged,None,None,CD West,e0,,,
Angola,,24,AGO,AO,24,911,Middle Africa,947,Sub-Saharan Africa,903,Africa,470,Register,Vital Registration,1956,,9,Register,36,VR,,,,,,Considered,Considered,,,,,Model-based,Abridged,None,None,HIV/AIDS,"1q0, 5q0 and 45q15",,,Yes
Anguilla,19,660,AIA,AI,660,915,Caribbean,1830,Latin America and the Caribbean,904,Latin America and the Caribbean,4924,Register,Vital Registration,1985,,9,Register,36,VR,2022,,,,,Used,Used,,,Used,,Model-based,Abridged,5-years,None,LogQuad,"1q0, 5q0 and 45q15",,,
Antigua and Barbuda,,28,ATG,AG,28,915,Caribbean,1830,Latin America and the Caribbean,904,Latin America and the Caribbean,443,Register,Vital Registration,1950,,9,Register,36,VR,2021,,,,,Used,Used,,Used,Used,Used,Empirical,Abridged,5-years,MAV,LogQuad,5q0 and 45q15,,,
Argentina,,32,ARG,AR,32,931,South America,1830,Latin America and the Caribbean,904,Latin America and the Caribbean,2036,Estimates,All sources of estimates,1950,,6,Estimate,6,Estimate,1984,,,,Considered,,,,,,,Empirical,Abridged,None,None,,,,,
Argentina,,32,ARG,AR,32,931,South America,1830,Latin America and the Caribbean,904,Latin America and the Caribbean,434,Register,Vital Registration,1948,,9,Register,36,VR,2022,,,,,Used,Used,,,Used,Used,Empirical,Abridged,None,None,,,,,
Armenia,,51,ARM,AM,51,922,Western Asia,1833,Northern Africa and Western Asia,935,Asia,439,Register,Vital Registration,1981,,9,Register,36,VR,2021,,,,,Used,Used,,Used,Used,Used,Empirical,Abridged,,AP,CD West,5q0 and 45q15,,,
Aruba,29,533,ABW,AW,533,915,Caribbean,1830,Latin America and the Caribbean,904,Latin America and the Caribbean,2172,Estimates,All sources of estimates,1950,,6,Estimate,6,Estimate,2010,,,,Used,,,,,,,Empirical,Abridged,5-years,APC,CD West,5q0 and 45q15,,,
Aruba,29,533,ABW,AW,533,915,Caribbean,1830,Latin America and the Caribbean,904,Latin America and the Caribbean,605,Register,Vital Registration,1999,,9,Register,36,VR,2020,,,,,Used,Used,,Used,Used,Used,Empirical,Abridged,5-years,APC,CD West,5q0 and 45q15,,,
Australia,33,36,AUS,AU,36,927,Australia/New Zealand,927,Australia/New Zealand,909,Oceania,2037,Estimates,All sources of estimates,1950,,6,Estimate,6,Estimate,2021,,Used,2021,Used,,,,,,,Empirical,Complete,None,None,,,,,
Australia,33,36,AUS,AU,36,927,Australia/New Zealand,927,Australia/New Zealand,909,Oceania,435,Register,Vital Registration,1921,,9,Register,36,VR,2021,,,,,Used,Used,,,,,Empirical,Complete,None,None,,,,,
Austria,,40,AUT,AT,40,926,Western Europe,1829,Europe and Northern America,908,Europe,2038,Estimates,All sources of estimates,1950,,6,Estimate,6,Estimate,2021,,Used,2021,Used,,,,,,,Empirical,Complete,None,None,,,,,
Austria,,40,AUT,AT,40,926,Western Europe,1829,Europe and Northern America,908,Europe,436,Register,Vital Registration,1947,,9,Register,36,VR,2021,,,,,Used,Used,,,,,Empirical,Complete,None,None,,,,,
Azerbaijan,10,31,AZE,AZ,31,922,Western Asia,1833,Northern Africa and Western Asia,935,Asia,433,Register,Vital Registration,1980,,9,Register,36,VR,2022,,,,,Used,Used,,Used,Used,Used,Empirical,Abridged,,,CD West,5q0 and 45q15,,,
Bahamas,,44,BHS,BS,44,915,Caribbean,1830,Latin America and the Caribbean,904,Latin America and the Caribbean,2039,Estimates,All sources of estimates,1950,,6,Estimate,6,Estimate,2011,,,,Used,,,,,,,Empirical,Abridged,5-years,MAV-3,,,,,
Bahamas,,44,BHS,BS,44,915,Caribbean,1830,Latin America and the Caribbean,904,Latin America and the Caribbean,437,Register,Vital Registration,1965,,9,Register,36,VR,2019,,,,,Used,Used,,Used,Used,Used,Empirical,Abridged,5-years,MAV-3,,,,,
Bahrain,,48,BHR,BH,48,922,Western Asia,1833,Northern Africa and Western Asia,935,Asia,2040,Estimates,All sources of estimates,1950,,6,Estimate,6,Estimate,2023,,,,Used,,,,,,,Empirical,Abridged,None,AP,,,,,
Bahrain,,48,BHR,BH,48,922,Western Asia,1833,Northern Africa and Western Asia,935,Asia,4412,Register,Vital Registration,1977,,9,Register,36,VR,2020,,,,,Used,Used,,,Used,Used,Empirical,Abridged,None,AP,,,,,
Bangladesh,,50,BGD,BD,50,5501,Southern Asia,921,Central and Southern Asia,935,Asia,2041,Estimates,All sources of estimates,1950,,6,Estimate,6,Estimate,2020,,,,Used,,,,,,,Empirical,Abridged,None,AP,,,,,
Bangladesh,,50,BGD,BD,50,5501,Southern Asia,921,Central and Southern Asia,935,Asia,767,SVRS,Bangladesh Sample Vital Registration System,1980,,10,SRS,12,SVRS,2021,,,,,Used,Used,,Used,Used,Used,Empirical,Abridged,None,AP,,,,,
Barbados,,52,BRB,BB,52,915,Caribbean,1830,Latin America and the Caribbean,904,Latin America and the Caribbean,2043,Estimates,All sources of estimates,1950,,6,Estimate,6,Estimate,1965,,,,Used,,,,,,,Empirical,Abridged,7-years,TOPALS,,,,,
Barbados,,52,BRB,BB,52,915,Caribbean,1830,Latin America and the Caribbean,904,Latin America and the Caribbean,440,Register,Vital Registration,1948,,9,Register,36,VR,2013,,,,,Used,Used,,Used,Used,Used,Empirical,Abridged,7-years,TOPALS,,,,,
Belarus,,112,BLR,BY,112,923,Eastern Europe,1829,Europe and Northern America,908,Europe,2058,Estimates,All sources of estimates,1950,,6,Estimate,6,Estimate,2019,,Used,2021,Used,,,,,,,Empirical,Complete,None,MAV-3,LogQuad,"1q0, 5q0 and 45q15",,,
Belarus,,112,BLR,BY,112,923,Eastern Europe,1829,Europe and Northern America,908,Europe,426,Register,Vital Registration,1959,,9,Register,36,VR,2019,,,,,Used,Used,,Used,Used,Used,Empirical,Complete,None,MAV-3,LogQuad,"1q0, 5q0 and 45q15",,,
Belgium,,56,BEL,BE,56,926,Western Europe,1829,Europe and Northern America,908,Europe,2044,Estimates,All sources of estimates,1950,,6,Estimate,6,Estimate,2022,,Used,2021,Used,,,,,,,Empirical,Complete,None,None,,,,,
Belgium,,56,BEL,BE,56,926,Western Europe,1829,Europe and Northern America,908,Europe,441,Register,Vital Registration,1841,,9,Register,36,VR,2022,,,,,Used,Used,,,,,Empirical,Complete,None,None,,,,,
Belize,,84,BLZ,BZ,84,916,Central America,1830,Latin America and the Caribbean,904,Latin America and the Caribbean,2051,Estimates,All sources of estimates,1950,,6,Estimate,6,Estimate,2010,,,,Used,,,,,,,Empirical,Abridged,None,None,HIV/AIDS,"5q0, 45q15, HIV, ART (Child & Adult)",,,
Belize,,84,BLZ,BZ,84,916,Central America,1830,Latin America and the Caribbean,904,Latin America and the Caribbean,420,Register,Vital Registration,1948,,9,Register,36,VR,2016,,,,,Used,Used,,Used,Used,Used,Empirical,Abridged,None,None,HIV/AIDS,"5q0, 45q15, HIV, ART (Child & Adult)",,,
Benin,,204,BEN,BJ,204,914,Western Africa,947,Sub-Saharan Africa,903,Africa,8015,Register,Vital Registration,1948,,9,Register,36,VR,,,,,,Used,Used,,,,,Model-based,Abridged,None,None,CD North,5q0 and 45q15,,,
Bermuda,19,60,BMU,BM,60,918,Northern America,1829,Europe and Northern America,905,Northern America,432,Register,Vital Registration,1950,,9,Register,36,VR,2020,,,,,Used,Used,,,Used,,Model-based,Abridged,None,None,LogQuad,"1q0, 5q0 and 45q15",,,
Bhutan,,64,BTN,BT,64,5501,Southern Asia,921,Central and Southern Asia,935,Asia,8011,Register,Vital Registration,1948,,9,Register,36,VR,2021,Yes,,,,Used,Used,,,,,Model-based,Abridged,3-years,APC,CD West,5q0,,,
Bolivia (Plurinational State of),,68,BOL,BO,68,931,South America,1830,Latin America and the Caribbean,904,Latin America and the Caribbean,2047,Estimates,All sources of estimates,1950,,6,Estimate,6,Estimate,2012,,,,Used,,,,,,,Model-based,Abridged,None,None,LogQuad,"1q0, 5q0 and 45q15",,,
Bolivia (Plurinational State of),,68,BOL,BO,68,931,South America,1830,Latin America and the Caribbean,904,Latin America and the Caribbean,442,Register,Vital Registration,1948,,9,Register,36,VR,,,,,,Used,Used,,Used,Used,Used,Model-based,Abridged,None,None,LogQuad,"1q0, 5q0 and 45q15",,,
"Bonaire, Sint Eustatius and Saba",29,535,BES,BQ,535,915,Caribbean,1830,Latin America and the Caribbean,904,Latin America and the Caribbean,7693,Estimates,All sources of estimates,1950,,6,Estimate,6,Estimate,2023,Yes,,,Used,,,,,,,Model-based,Abridged,None,None,CD West,e0,,,
Bosnia and Herzegovina,,70,BIH,BA,70,925,Southern Europe,1829,Europe and Northern America,908,Europe,2048,Estimates,All sources of estimates,1950,,6,Estimate,6,Estimate,2019,,Used,2021,Used,,,,,,,Empirical,Complete,None,MAV-3,LogQuad,"1q0, 5q0 and 45q15",,,
Bosnia and Herzegovina,,70,BIH,BA,70,925,Southern Europe,1829,Europe and Northern America,908,Europe,431,Register,Vital Registration,1985,,9,Register,36,VR,2022,,,,,Used,Used,,Used,Used,Used,Empirical,Complete,None,MAV-3,LogQuad,"1q0, 5q0 and 45q15",,,
Botswana,,72,BWA,BW,72,913,Southern Africa,947,Sub-Saharan Africa,903,Africa,2049,Estimates,All sources of estimates,1950,,6,Estimate,6,Estimate,2017,,,,Used,,,,,,,Model-based,Abridged,None,None,HIV/AIDS,"5q0, 45q15, HIV, ART (Child & Adult)",,,Yes
Botswana,,72,BWA,BW,72,913,Southern Africa,947,Sub-Saharan Africa,903,Africa,4944,Register,Vital Registration,1950,,9,Register,36,VR,2020,,,,,Used,Used,,Used,Used,Used,Model-based,Abridged,None,None,HIV/AIDS,"5q0, 45q15, HIV, ART (Child & Adult)",,,Yes
Brazil,,76,BRA,BR,76,931,South America,1830,Latin America and the Caribbean,904,Latin America and the Caribbean,2050,Estimates,All sources of estimates,1950,,6,Estimate,6,Estimate,,,,,Used,,,,,,,Empirical,Abridged,None,MAV-5,,,,,
Brazil,,76,BRA,BR,76,931,South America,1830,Latin America and the Caribbean,904,Latin America and the Caribbean,429,Register,Vital Registration,1974,,9,Register,36,VR,2021,,,,,Used,Used,,Used,Used,Used,Empirical,Abridged,None,MAV-5,,,,,
British Virgin Islands,19,92,VGB,VG,92,915,Caribbean,1830,Latin America and the Caribbean,904,Latin America and the Caribbean,422,Register,Vital Registration,1950,,9,Register,36,VR,2014,,,,,Used,Used,,,Used,Used,Model-based,Abridged,None,None,LogQuad,"1q0, 5q0 and 45q15",,,
Brunei Darussalam,,96,BRN,BN,96,920,South-Eastern Asia,1832,Eastern and South-Eastern Asia,935,Asia,423,Register,Vital Registration,1948,,9,Register,36,VR,2019,,,,,Used,Used,,Used,Used,Used,Model-based,Abridged,3-years,APC,LogQuad,5q0 and 45q15,,,
Bulgaria,,100,BGR,BG,100,923,Eastern Europe,1829,Europe and Northern America,908,Europe,2055,Estimates,All sources of estimates,1950,,6,Estimate,6,Estimate,2022,,Used,2021,Used,,,,,,,Empirical,Complete,None,None,,,,,
Bulgaria,,100,BGR,BG,100,923,Eastern Europe,1829,Europe and Northern America,908,Europe,424,Register,Vital Registration,1947,,9,Register,36,VR,2020,,,,,Used,Used,,Used,,,Empirical,Complete,None,None,,,,,
Burkina Faso,,854,BFA,BF,854,914,Western Africa,947,Sub-Saharan Africa,903,Africa,8020,Register,Vital Registration,1948,,9,Register,36,VR,,,,,,Used,Used,,,,,Model-based,Abridged,None,None,CD South,"1q0, 5q0 and 45q15",,,
Burundi,,108,BDI,BI,108,910,Eastern Africa,947,Sub-Saharan Africa,903,Africa,2057,Estimates,All sources of estimates,1950,,6,Estimate,6,Estimate,2008,,,,Considered,,,,,,,Model-based,Abridged,None,None,CD North,5q0 and 45q15,,,Yes
Burundi,,108,BDI,BI,108,910,Eastern Africa,947,Sub-Saharan Africa,903,Africa,5804,Register,Vital Registration,1940,,9,Register,36,VR,,,,,,Used,Used,,,,,Model-based,Abridged,None,None,CD North,5q0 and 45q15,,,Yes
Cabo Verde,,132,CPV,CV,132,914,Western Africa,947,Sub-Saharan Africa,903,Africa,428,Register,Vital Registration,1955,,9,Register,36,VR,2020,,,,,Used,Used,,Considered,Used,Used,Empirical,Abridged,None,MAV-5,HIV/AIDS,"5q0, 45q15, HIV, ART (Child & Adult)",,,
Cambodia,,116,KHM,KH,116,920,South-Eastern Asia,1832,Eastern and South-Eastern Asia,935,Asia,6120,Register,Vital Registration,1950,,9,Register,36,VR,1959,,,,,Used,Used,,,,,Model-based,Abridged,None,None,CD North,"1q0, 5q0 and 45q15",,,
Cameroon,,120,CMR,CM,120,911,Middle Africa,947,Sub-Saharan Africa,903,Africa,2060,Estimates,All sources of estimates,1950,,6,Estimate,6,Estimate,2005,,,,Considered,,,,,,,Model-based,Abridged,None,None,HIV/AIDS,"5q0, 45q15, HIV, ART (Child & Adult)",,,Yes
Cameroon,,120,CMR,CM,120,911,Middle Africa,947,Sub-Saharan Africa,903,Africa,6121,Register,Vital Registration,1950,,9,Register,36,VR,,,,,,Used,Used,,,,,Model-based,Abridged,None,None,HIV/AIDS,"5q0, 45q15, HIV, ART (Child & Adult)",,,Yes
Canada,,124,CAN,CA,124,918,Northern America,1829,Europe and Northern America,905,Northern America,2061,Estimates,All sources of estimates,1950,,6,Estimate,6,Estimate,2021,,Used,2021,Used,,,,,,,Empirical,Complete,None,None,,,,,
Canada,,124,CAN,CA,124,918,Northern America,1829,Europe and Northern America,905,Northern America,427,Register,Vital Registration,1921,,9,Register,36,VR,2021,,,,,Used,Used,,,,,Empirical,Complete,None,None,,,,,
Cayman Islands,19,136,CYM,KY,136,915,Caribbean,1830,Latin America and the Caribbean,904,Latin America and the Caribbean,2063,Estimates,All sources of estimates,1950,,6,Estimate,6,Estimate,2010,,,,Considered,,,,,,,Model-based,Abridged,None,None,LogQuad,"1q0, 5q0 and 45q15",,,
Cayman Islands,19,136,CYM,KY,136,915,Caribbean,1830,Latin America and the Caribbean,904,Latin America and the Caribbean,430,Register,Vital Registration,1950,,9,Register,36,VR,2021,,,,,Used,Used,,Considered,Used,Used,Model-based,Abridged,None,None,LogQuad,"1q0, 5q0 and 45q15",,,
Chad,,148,TCD,TD,148,911,Middle Africa,947,Sub-Saharan Africa,903,Africa,8013,Register,Vital Registration,1948,,9,Register,36,VR,,,,,,Used,Used,,,,,Model-based,Abridged,None,None,CD North,5q0 and 45q15,,,
Chile,,152,CHL,CL,152,931,South America,1830,Latin America and the Caribbean,904,Latin America and the Caribbean,2067,Estimates,All sources of estimates,1950,,6,Estimate,6,Estimate,,,Used,2021,Considered,,,,,,,Empirical,Abridged,None,None,,,,,
Chile,,152,CHL,CL,152,931,South America,1830,Latin America and the Caribbean,904,Latin America and the Caribbean,456,Register,Vital Registration,1948,,9,Register,36,VR,2023,,,,,Used,Used,,Used,Used,Used,Empirical,Abridged,None,None,,,,,
China,5,156,CHN,CN,156,906,Eastern Asia,1832,Eastern and South-Eastern Asia,935,Asia,5972,DSP,China Disease Surveillance Points,1986,,10,SRS,11,SRS,2020,,,,,Used,Used,,Used,,Used,Empirical,Abridged,5-years,APC,,,,,
China,5,156,CHN,CN,156,906,Eastern Asia,1832,Eastern and South-Eastern Asia,935,Asia,2068,Estimates,All sources of estimates,1950,,6,Estimate,6,Estimate,1982,,,,Considered,,,,,,,Empirical,Abridged,5-years,APC,,,,,
China,5,156,CHN,CN,156,906,Eastern Asia,1832,Eastern and South-Eastern Asia,935,Asia,5845,RRMCM,China Ministry of Health Routine Reporting for Maternal and Child Mortality,1996,,9,Register,37,VS,,,,,,Used,Used,,,Used,Used,Empirical,Abridged,5-years,APC,,,,,
"China, Hong Kong SAR",6,344,HKG,HK,344,906,Eastern Asia,1832,Eastern and South-Eastern Asia,935,Asia,2119,Estimates,All sources of estimates,1950,,6,Estimate,6,Estimate,2021,,Used,2021,Used,,,,,,,Empirical,Abridged,3-years,MAV-3,,,,,
"China, Hong Kong SAR",6,344,HKG,HK,344,906,Eastern Asia,1832,Eastern and South-Eastern Asia,935,Asia,594,Register,Vital Registration,1872,,9,Register,36,VR,2022,,,,,Used,Used,,Considered,Used,Used,Empirical,Abridged,3-years,MAV-3,,,,,
"China, Macao SAR",7,446,MAC,MO,446,906,Eastern Asia,1832,Eastern and South-Eastern Asia,935,Asia,2148,Estimates,All sources of estimates,1950,,6,Estimate,6,Estimate,2020,,,,Used,,,,,,,Empirical,Abridged,5-years,APC,LogQuad,"1q0, 5q0 and 45q15",,,
"China, Macao SAR",7,446,MAC,MO,446,906,Eastern Asia,1832,Eastern and South-Eastern Asia,935,Asia,601,Register,Vital Registration,1954,,9,Register,36,VR,2022,,,,,Used,Used,,Used,Used,Used,Empirical,Abridged,5-years,APC,LogQuad,"1q0, 5q0 and 45q15",,,
"China, Taiwan Province of China",8,158,TWN,TW,158,906,Eastern Asia,1832,Eastern and South-Eastern Asia,935,Asia,2069,Estimates,All sources of estimates,1950,,6,Estimate,6,Estimate,2022,,Used,2021,Used,,,,,,,Empirical,Abridged,None,None,,,,,
"China, Taiwan Province of China",8,158,TWN,TW,158,906,Eastern Asia,1832,Eastern and South-Eastern Asia,935,Asia,1,Register,Vital Registration,1906,,9,Register,36,VR,2022,,,,,Used,Used,,Used,Used,Used,Empirical,Abridged,None,None,,,,,
Colombia,,170,COL,CO,170,931,South America,1830,Latin America and the Caribbean,904,Latin America and the Caribbean,2070,Estimates,All sources of estimates,1950,,6,Estimate,6,Estimate,,,,,Used,,,,,,,Empirical,Abridged,None,MAV,,,,,
Colombia,,170,COL,CO,170,931,South America,1830,Latin America and the Caribbean,904,Latin America and the Caribbean,445,Register,Vital Registration,1927,,9,Register,36,VR,2021,,,,,Used,Used,,Used,Used,Used,Empirical,Abridged,None,MAV,,,,,
Congo,,178,COG,CG,178,911,Middle Africa,947,Sub-Saharan Africa,903,Africa,4911,Register,Vital Registration,2000,,9,Register,36,VR,,,,,,Used,Used,,,,,Model-based,Abridged,None,None,HIV/AIDS,"5q0, 45q15, HIV, ART (Child & Adult)",,,Yes
Cook Islands,36,184,COK,CK,184,957,Polynesia,1835,Oceania (excluding Australia and New Zealand),909,Oceania,4666,Register,Vital Registration,1917,,9,Register,36,VR,2007,,,,,Used,Used,,Used,Used,Used,Model-based,Abridged,None,None,LogQuad,"1q0, 5q0 and 45q15",,,
Costa Rica,,188,CRI,CR,188,916,Central America,1830,Latin America and the Caribbean,904,Latin America and the Caribbean,2075,Estimates,All sources of estimates,1950,,6,Estimate,6,Estimate,,,,,Considered,,,,,,,Empirical,Abridged,None,MAV-5,,,,,
Costa Rica,,188,CRI,CR,188,916,Central America,1830,Latin America and the Caribbean,904,Latin America and the Caribbean,459,Register,Vital Registration,1950,,9,Register,36,VR,2022,,,,,Used,Used,,Used,Used,Used,Empirical,Abridged,None,MAV-5,,,,,
Croatia,,191,HRV,HR,191,925,Southern Europe,1829,Europe and Northern America,908,Europe,2076,Estimates,All sources of estimates,1950,,6,Estimate,6,Estimate,2021,,Used,2021,Used,,,,,,,Empirical,Complete,None,MAV-3,LogQuad,"1q0, 5q0 and 45q15",,,
Croatia,,191,HRV,HR,191,925,Southern Europe,1829,Europe and Northern America,908,Europe,460,Register,Vital Registration,1982,,9,Register,36,VR,2022,,,,,Used,Used,,Used,Used,,Empirical,Complete,None,MAV-3,LogQuad,"1q0, 5q0 and 45q15",,,
Cuba,,192,CUB,CU,192,915,Caribbean,1830,Latin America and the Caribbean,904,Latin America and the Caribbean,2077,Estimates,All sources of estimates,1950,,6,Estimate,6,Estimate,,,,,Considered,,,,,,,Empirical,Abridged,None,MAV,LogQuad,5q0 and 45q15,,,
Cuba,,192,CUB,CU,192,915,Caribbean,1830,Latin America and the Caribbean,904,Latin America and the Caribbean,461,Register,Vital Registration,1948,,9,Register,36,VR,2021,,,,,Used,Used,,Used,Used,Used,Empirical,Abridged,None,MAV,LogQuad,5q0 and 45q15,,,
Curaçao,29,531,CUW,CW,531,915,Caribbean,1830,Latin America and the Caribbean,904,Latin America and the Caribbean,5548,Register,Vital Registration,2000,,9,Register,36,VR,2016,,,,,Used,Used,,,Used,,Model-based,Abridged,5-years,APC,CD West,"1q0, 5q0 and 45q15",,,
Cyprus,11,196,CYP,CY,196,922,Western Asia,1833,Northern Africa and Western Asia,935,Asia,2078,Estimates,All sources of estimates,1950,,6,Estimate,6,Estimate,2019,,Used,2021,Used,,,,,,,Empirical,Abridged,3-years,APC,LogQuad,"1q0, 5q0 and 45q15",,,
Cyprus,11,196,CYP,CY,196,922,Western Asia,1833,Northern Africa and Western Asia,935,Asia,462,Register,Vital Registration,1948,,9,Register,36,VR,2021,,,,,Used,Used,,Used,Used,Used,Empirical,Abridged,3-years,APC,LogQuad,"1q0, 5q0 and 45q15",,,
Czechia,,203,CZE,CZ,203,923,Eastern Europe,1829,Europe and Northern America,908,Europe,2079,Estimates,All sources of estimates,1950,,6,Estimate,6,Estimate,2022,,Used,2021,Used,,,,,,,Empirical,Complete,None,None,,,,,
Czechia,,203,CZE,CZ,203,923,Eastern Europe,1829,Europe and Northern America,908,Europe,463,Register,Vital Registration,1950,,9,Register,36,VR,2022,,,,,Used,Used,,,,,Empirical,Complete,None,None,,,,,
Côte d'Ivoire,,384,CIV,CI,384,914,Western Africa,947,Sub-Saharan Africa,903,Africa,4915,Register,Vital Registration,1954,,9,Register,36,VR,,,,,,Used,Used,,,,,Model-based,Abridged,None,None,HIV/AIDS,"5q0, 45q15, HIV, ART (Child & Adult)",,,Yes
Dem. People's Republic of Korea,,408,PRK,KP,408,906,Eastern Asia,1832,Eastern and South-Eastern Asia,935,Asia,2135,Estimates,All sources of estimates,1950,,6,Estimate,6,Estimate,,,,,Used,,,,,,,Empirical,Abridged,None,MAV-3,CD North,"1q0, 5q0 and 45q15",,,
Dem. People's Republic of Korea,,408,PRK,KP,408,906,Eastern Asia,1832,Eastern and South-Eastern Asia,935,Asia,4942,Register,Vital Registration,1950,,9,Register,36,VR,,,,,,Used,Used,,Used,Used,Used,Empirical,Abridged,None,MAV-3,CD North,"1q0, 5q0 and 45q15",,,
Democratic Republic of the Congo,,180,COD,CD,180,911,Middle Africa,947,Sub-Saharan Africa,903,Africa,8014,Register,Vital Registration,1948,,9,Register,36,VR,,,,,,Used,Used,,,,,Model-based,Abridged,None,None,CD North,5q0 and 45q15,,,
Denmark,16,208,DNK,DK,208,924,Northern Europe,1829,Europe and Northern America,908,Europe,2081,Estimates,All sources of estimates,1950,,6,Estimate,6,Estimate,2023,,Used,2021,Used,,,,,,,Empirical,Complete,None,None,,,,,
Denmark,16,208,DNK,DK,208,924,Northern Europe,1829,Europe and Northern America,908,Europe,464,Register,Vital Registration,1835,,9,Register,36,VR,2021,,,,,Used,Used,,,,,Empirical,Complete,None,None,,,,,
Djibouti,,262,DJI,DJ,262,910,Eastern Africa,947,Sub-Saharan Africa,903,Africa,7958,Register,Vital Registration,1950,,9,Register,36,VR,,,,,,Used,Used,,,,,Model-based,Abridged,None,None,CD North,5q0 and 45q15,,,Yes
Dominica,,212,DMA,DM,212,915,Caribbean,1830,Latin America and the Caribbean,904,Latin America and the Caribbean,465,Register,Vital Registration,1950,,9,Register,36,VR,2020,,,,,Used,Used,,Used,Used,,Model-based,Abridged,None,None,LogQuad,"1q0, 5q0 and 45q15",,,
Dominican Republic,,214,DOM,DO,214,915,Caribbean,1830,Latin America and the Caribbean,904,Latin America and the Caribbean,2083,Estimates,All sources of estimates,1950,,6,Estimate,6,Estimate,2010,,,,Used,,,,,,,Empirical,Abridged,None,MAV-5,LogQuad,"1q0, 5q0 and 45q15",,,
Dominican Republic,,214,DOM,DO,214,915,Caribbean,1830,Latin America and the Caribbean,904,Latin America and the Caribbean,466,Register,Vital Registration,1936,,9,Register,36,VR,2022,,,,,Used,Used,,Used,Used,Used,Empirical,Abridged,None,MAV-5,LogQuad,"1q0, 5q0 and 45q15",,,
Ecuador,,218,ECU,EC,218,931,South America,1830,Latin America and the Caribbean,904,Latin America and the Caribbean,2084,Estimates,All sources of estimates,1950,,6,Estimate,6,Estimate,,,,,Considered,,,,,,,Empirical,Abridged,None,MAV,CD West,"1q0, 5q0 and 45q15",Yes,,
Ecuador,,218,ECU,EC,218,931,South America,1830,Latin America and the Caribbean,904,Latin America and the Caribbean,467,Register,Vital Registration,1954,,9,Register,36,VR,2021,,,,,Used,Used,,Used,Used,Used,Empirical,Abridged,None,MAV,CD West,"1q0, 5q0 and 45q15",Yes,,
Egypt,,818,EGY,EG,818,912,Northern Africa,1833,Northern Africa and Western Asia,903,Africa,2245,Estimates,All sources of estimates,1950,,6,Estimate,6,Estimate,1998,,,,Used,,,,,,,Empirical,Abridged,,AP,,,,,
Egypt,,818,EGY,EG,818,912,Northern Africa,1833,Northern Africa and Western Asia,903,Africa,559,Register,Vital Registration,1933,,9,Register,36,VR,2021,,,,,Used,Used,,Used,Used,Used,Empirical,Abridged,,AP,,,,,
El Salvador,,222,SLV,SV,222,916,Central America,1830,Latin America and the Caribbean,904,Latin America and the Caribbean,2085,Estimates,All sources of estimates,1950,,6,Estimate,6,Estimate,,,,,Used,,,,,,,Empirical,Abridged,None,MAV-5,CD West,5q0 and 45q15,,,
El Salvador,,222,SLV,SV,222,916,Central America,1830,Latin America and the Caribbean,904,Latin America and the Caribbean,458,Register,Vital Registration,1948,,9,Register,36,VR,2019,,,,,Used,Used,,Used,Used,Used,Empirical,Abridged,None,MAV-5,CD West,5q0 and 45q15,,,
Equatorial Guinea,,226,GNQ,GQ,226,911,Middle Africa,947,Sub-Saharan Africa,903,Africa,468,Register,Vital Registration,1954,,9,Register,36,VR,,,,,,Used,Used,,Used,Used,Used,Model-based,Abridged,None,None,HIV/AIDS,"5q0, 45q15, HIV, ART (Child & Adult)",,,Yes
Eritrea,,232,ERI,ER,232,910,Eastern Africa,947,Sub-Saharan Africa,903,Africa,457,Register,Vital Registration,1998,,9,Register,36,VR,2010,,,,,Used,Used,,,,,Model-based,Abridged,None,None,CD North,5q0 and 45q15,Yes,,
Estonia,,233,EST,EE,233,924,Northern Europe,1829,Europe and Northern America,908,Europe,2089,Estimates,All sources of estimates,1950,,6,Estimate,6,Estimate,2020,,Used,2021,Used,,,,,,,Empirical,Complete,None,None,LogQuad,"1q0, 5q0 and 45q15",,,
Estonia,,233,EST,EE,233,924,Northern Europe,1829,Europe and Northern America,908,Europe,455,Register,Vital Registration,1959,,9,Register,36,VR,2022,,,,,Considered,Considered,,,Considered,,Empirical,Complete,None,None,LogQuad,"1q0, 5q0 and 45q15",,,
Eswatini,,748,SWZ,SZ,748,913,Southern Africa,947,Sub-Saharan Africa,903,Africa,4930,Register,Vital Registration,1966,,9,Register,36,VR,,,,,,Used,Used,,Used,Used,Used,Model-based,Abridged,None,None,HIV/AIDS,"5q0, 45q15, HIV, ART (Child & Adult)",,,Yes
Ethiopia,,231,ETH,ET,231,910,Eastern Africa,947,Sub-Saharan Africa,903,Africa,6122,Register,Vital Registration,1950,,9,Register,36,VR,,,,,,Used,Used,,,,,Model-based,Abridged,None,None,CD North,5q0 and 45q15,,,Yes
Falkland Islands (Malvinas),31,238,FLK,FK,238,931,South America,1830,Latin America and the Caribbean,904,Latin America and the Caribbean,446,Register,Vital Registration,1950,,9,Register,36,VR,2012,Yes,,,,Used,Used,,,,,Model-based,Abridged,None,None,CD West,e0,,,
Faroe Islands,17,234,FRO,FO,234,924,Northern Europe,1829,Europe and Northern America,908,Europe,4892,Register,Vital Registration,1948,,9,Register,36,VR,2021,,,,,Used,Used,,,Used,,Model-based,Abridged,None,None,LogQuad,"1q0, 5q0 and 45q15",,,
Fiji,,242,FJI,FJ,242,928,Melanesia,1835,Oceania (excluding Australia and New Zealand),909,Oceania,2092,Estimates,All sources of estimates,1950,,6,Estimate,6,Estimate,1964,,,,Used,,,,,,,Empirical,Abridged,5-years,APC,,,,,
Fiji,,242,FJI,FJ,242,928,Melanesia,1835,Oceania (excluding Australia and New Zealand),909,Oceania,447,Register,Vital Registration,1948,,9,Register,36,VR,2017,,,,,Used,Used,,Used,Used,Used,Empirical,Abridged,5-years,APC,,,,,
Finland,18,246,FIN,FI,246,924,Northern Europe,1829,Europe and Northern America,908,Europe,2093,Estimates,All sources of estimates,1950,,6,Estimate,6,Estimate,2022,,Used,2021,Used,,,,,,,Empirical,Complete,None,None,,,,,
Finland,18,246,FIN,FI,246,924,Northern Europe,1829,Europe and Northern America,908,Europe,448,Register,Vital Registration,1878,,9,Register,36,VR,2021,,,,,Used,Used,,,,,Empirical,Complete,None,None,,,,,
France,26,250,FRA,FR,250,926,Western Europe,1829,Europe and Northern America,908,Europe,2094,Estimates,All sources of estimates,1950,,6,Estimate,6,Estimate,2022,,Used,2021,Used,,,,,,,Empirical,Complete,None,None,,,,,
France,26,250,FRA,FR,250,926,Western Europe,1829,Europe and Northern America,908,Europe,449,Register,Vital Registration,1899,,9,Register,36,VR,2023,,,,,Used,Used,,,,,Empirical,Complete,None,None,,,,,
French Guiana,2,254,GUF,GF,254,931,South America,1830,Latin America and the Caribbean,904,Latin America and the Caribbean,2095,Estimates,All sources of estimates,1950,,6,Estimate,6,Estimate,2023,,,,Used,,,,,,,Model-based,Abridged,None,MAV,LogQuad,5q0 and 45q15,,,
French Guiana,2,254,GUF,GF,254,931,South America,1830,Latin America and the Caribbean,904,Latin America and the Caribbean,450,Register,Vital Registration,1950,,9,Register,36,VR,2021,,,,,Used,Used,,Used,Used,Used,Model-based,Abridged,None,MAV,LogQuad,5q0 and 45q15,,,
French Polynesia,2,258,PYF,PF,258,957,Polynesia,1835,Oceania (excluding Australia and New Zealand),909,Oceania,451,Register,Vital Registration,1959,,9,Register,36,VR,2020,,,,,Used,Used,,Used,Used,Used,Model-based,Abridged,None,None,CD West,5q0,,,
Gabon,,266,GAB,GA,266,911,Middle Africa,947,Sub-Saharan Africa,903,Africa,8017,Register,Vital Registration,1948,,9,Register,36,VR,,,,,,Used,Used,,,,,Model-based,Abridged,None,None,HIV/AIDS,"5q0, 45q15, HIV, ART (Child & Adult)",,,Yes
Georgia,12,268,GEO,GE,268,922,Western Asia,1833,Northern Africa and Western Asia,935,Asia,2099,Estimates,All sources of estimates,1950,,6,Estimate,6,Estimate,2016,,Used,2021,Used,,,,,,,Empirical,Abridged,,,,,,,
Georgia,12,268,GEO,GE,268,922,Western Asia,1833,Northern Africa and Western Asia,935,Asia,452,Register,Vital Registration,1981,,9,Register,36,VR,2022,,,,,Used,Used,,Used,Used,Used,Empirical,Abridged,,,,,,,
Germany,,276,DEU,DE,276,926,Western Europe,1829,Europe and Northern America,908,Europe,2102,Estimates,All sources of estimates,1950,,6,Estimate,6,Estimate,2021,,Used,2021,Used,,,,,,,Empirical,Complete,None,None,,,,,
Germany,,276,DEU,DE,276,926,Western Europe,1829,Europe and Northern America,908,Europe,454,Register,Vital Registration,1956,,9,Register,36,VR,2021,,,,,Used,Used,,,,Used,Empirical,Complete,None,None,,,,,
Ghana,,288,GHA,GH,288,914,Western Africa,947,Sub-Saharan Africa,903,Africa,469,Register,Vital Registration,1948,,9,Register,36,VR,,,,,,Used,Used,,,,,Model-based,Abridged,None,None,CD North,5q0 and 45q15,,,Yes
Gibraltar,19,292,GIB,GI,292,925,Southern Europe,1829,Europe and Northern America,908,Europe,4912,Register,Vital Registration,1948,,9,Register,36,VR,2001,,,,Used,Used,Used,,,,,Model-based,Abridged,None,None,CD North,e0,,,
Greece,,300,GRC,GR,300,925,Southern Europe,1829,Europe and Northern America,908,Europe,2108,Estimates,All sources of estimates,1950,,6,Estimate,6,Estimate,2020,,Used,2021,Used,,,,,,,Empirical,Complete,None,APC,,,,,
Greece,,300,GRC,GR,300,925,Southern Europe,1829,Europe and Northern America,908,Europe,522,Register,Vital Registration,1951,,9,Register,36,VR,2021,,,,,Used,Used,,Used,Used,Used,Empirical,Complete,None,APC,,,,,
Greenland,17,304,GRL,GL,304,918,Northern America,1829,Europe and Northern America,905,Northern America,2109,Estimates,All sources of estimates,1950,,6,Estimate,6,Estimate,2019,,,,Used,,,,,,,Model-based,Abridged,None,None,LogQuad,"1q0, 5q0 and 45q15",,,
Greenland,17,304,GRL,GL,304,918,Northern America,1829,Europe and Northern America,905,Northern America,4894,Register,Vital Registration,1948,,9,Register,36,VR,2018,,,,,Used,Used,,Considered,Used,,Model-based,Abridged,None,None,LogQuad,"1q0, 5q0 and 45q15",,,
Grenada,,308,GRD,GD,308,915,Caribbean,1830,Latin America and the Caribbean,904,Latin America and the Caribbean,2110,Estimates,All sources of estimates,1950,,6,Estimate,6,Estimate,1960,,,,Used,,,,,,,Empirical,Abridged,5-years,AP,,,,,
Grenada,,308,GRD,GD,308,915,Caribbean,1830,Latin America and the Caribbean,904,Latin America and the Caribbean,573,Register,Vital Registration,1948,,9,Register,36,VR,2019,,,,,Used,Used,,Used,Used,Used,Empirical,Abridged,5-years,AP,,,,,
Guadeloupe,2,312,GLP,GP,312,915,Caribbean,1830,Latin America and the Caribbean,904,Latin America and the Caribbean,523,Register,Vital Registration,1950,,9,Register,36,VR,2021,,,,,Used,Used,,Used,Used,Used,Empirical,Abridged,3-years,APC,,,,,
6,30,316,GUM,GU,316,954,Micronesia,1835,Oceania (excluding Australia and New Zealand),909,Oceania,589,Register,Vital Registration,1950,,9,Register,36,VR,2018,,,,,Used,Used,,Used,Used,Used,Empirical,Abridged,5-years,MAV-3,,,,,
Guatemala,,320,GTM,GT,320,916,Central America,1830,Latin America and the Caribbean,904,Latin America and the Caribbean,2113,Estimates,All sources of estimates,1950,,6,Estimate,6,Estimate,,,,,Used,,,,,,,Empirical,Abridged,None,MAV,,,,,
Guatemala,,320,GTM,GT,320,916,Central America,1830,Latin America and the Caribbean,904,Latin America and the Caribbean,590,Register,Vital Registration,1948,,9,Register,36,VR,2021,,,,,Used,Used,,Used,Used,Used,Empirical,Abridged,None,MAV,,,,,
Guernsey,19,831,GGY,GG,831,924,Northern Europe,1829,Europe and Northern America,908,Europe,3023,Register,Vital Registration,1950,,9,Register,36,VR,2000,,,,,Used,Used,,,,,Model-based,Abridged,None,None,CD West,e0,,,
Guinea,,324,GIN,GN,324,914,Western Africa,947,Sub-Saharan Africa,903,Africa,4943,Register,Vital Registration,1950,,9,Register,36,VR,,,,,,Used,Used,,,,,Model-based,Abridged,None,None,CD North,"1q0, 5q0 and 45q15",,,
Guinea-Bissau,,624,GNB,GW,624,914,Western Africa,947,Sub-Saharan Africa,903,Africa,540,Register,Vital Registration,1966,,9,Register,36,VR,,,,,,Used,Used,Used,,,,Model-based,Abridged,None,None,HIV/AIDS,"5q0, 45q15, HIV, ART (Child & Adult)",,,Yes
Guyana,,328,GUY,GY,328,931,South America,1830,Latin America and the Caribbean,904,Latin America and the Caribbean,2115,Estimates,All sources of estimates,1950,,6,Estimate,6,Estimate,2004,,,,Used,,,,,,,Empirical,Abridged,5-years,APC,,,,,
Guyana,,328,GUY,GY,328,931,South America,1830,Latin America and the Caribbean,904,Latin America and the Caribbean,591,Register,Vital Registration,1948,,9,Register,36,VR,2019,,,,,Used,Used,,Used,Used,Used,Empirical,Abridged,5-years,APC,,,,,
Haiti,,332,HTI,HT,332,915,Caribbean,1830,Latin America and the Caribbean,904,Latin America and the Caribbean,2116,Estimates,All sources of estimates,1950,,6,Estimate,6,Estimate,2000,,,,Used,,,,,,,Model-based,Abridged,None,None,CD West,e0,,,
Haiti,,332,HTI,HT,332,915,Caribbean,1830,Latin America and the Caribbean,904,Latin America and the Caribbean,592,Register,Vital Registration,1950,,9,Register,36,VR,,,,,,Used,Used,,Used,Used,Used,Model-based,Abridged,None,None,CD West,e0,,,
Honduras,,340,HND,HN,340,916,Central America,1830,Latin America and the Caribbean,904,Latin America and the Caribbean,2118,Estimates,All sources of estimates,1950,,6,Estimate,6,Estimate,2010,,,,Used,,,,,,,Model-based,Abridged,None,None,LogQuad,5q0 and 45q15,,,
Honduras,,340,HND,HN,340,916,Central America,1830,Latin America and the Caribbean,904,Latin America and the Caribbean,593,Register,Vital Registration,1948,,9,Register,36,VR,,,,,,Used,Used,,Used,Used,,Model-based,Abridged,None,None,LogQuad,5q0 and 45q15,,,
Hungary,,348,HUN,HU,348,923,Eastern Europe,1829,Europe and Northern America,908,Europe,2120,Estimates,All sources of estimates,1950,,6,Estimate,6,Estimate,2021,,Used,2021,Used,,,,,,,Empirical,Complete,None,None,,,,,
Hungary,,348,HUN,HU,348,923,Eastern Europe,1829,Europe and Northern America,908,Europe,595,Register,Vital Registration,1949,,9,Register,36,VR,2021,,,,,Used,Used,,,,,Empirical,Complete,None,None,,,,,
Iceland,,352,ISL,IS,352,924,Northern Europe,1829,Europe and Northern America,908,Europe,2121,Estimates,All sources of estimates,1950,,6,Estimate,6,Estimate,2022,,Used,2021,Used,,,,,,,Empirical,Complete,None,None,,,,,
Iceland,,352,ISL,IS,352,924,Northern Europe,1829,Europe and Northern America,908,Europe,596,Register,Vital Registration,1838,,9,Register,36,VR,2022,,,,,Used,Used,,Used,,,Empirical,Complete,None,None,,,,,
India,,356,IND,IN,356,5501,Southern Asia,921,Central and Southern Asia,935,Asia,2122,Estimates,All sources of estimates,1950,,6,Estimate,6,Estimate,2018,,,,Used,,,,,,,Empirical,Abridged,None,AP,CD West,5q0 and 45q15,,,
India,,356,IND,IN,356,5501,Southern Asia,921,Central and Southern Asia,935,Asia,4647,Register,India Vital Statistics (Health reports),1881,,9,Register,37,VS,2018,,,,,Used,Used,,Considered,Considered,Considered,Empirical,Abridged,None,AP,CD West,5q0 and 45q15,,,
India,,356,IND,IN,356,5501,Southern Asia,921,Central and Southern Asia,935,Asia,1865,SRS,India Sample Registration System,1968,,10,SRS,11,SRS,2020,,,,,Used,Used,,Used,Used,Used,Empirical,Abridged,None,AP,CD West,5q0 and 45q15,,,
Indonesia,,360,IDN,ID,360,920,South-Eastern Asia,1832,Eastern and South-Eastern Asia,935,Asia,2123,Estimates,All sources of estimates,1950,,6,Estimate,6,Estimate,2010,,,,Used,,,,,,,Model-based,Abridged,3-years,APC,LogQuad,5q0 and 45q15,,,
Indonesia,,360,IDN,ID,360,920,South-Eastern Asia,1832,Eastern and South-Eastern Asia,935,Asia,4914,Register,Vital Registration,1952,,9,Register,36,VR,,,,,,Used,Used,,,,,Model-based,Abridged,3-years,APC,LogQuad,5q0 and 45q15,,,
Iran (Islamic Republic of),,364,IRN,IR,364,5501,Southern Asia,921,Central and Southern Asia,935,Asia,2124,Estimates,All sources of estimates,1950,,6,Estimate,6,Estimate,1977,,,,Used,,,,,,,Empirical,Abridged,,AP,CD West,"1q0, 5q0 and 45q15",,,
Iran (Islamic Republic of),,364,IRN,IR,364,5501,Southern Asia,921,Central and Southern Asia,935,Asia,597,Register,Vital Registration,1983,,9,Register,36,VR,2020,,,,,Used,Used,,Used,Used,Used,Empirical,Abridged,,AP,CD West,"1q0, 5q0 and 45q15",,,
Iraq,,368,IRQ,IQ,368,922,Western Asia,1833,Northern Africa and Western Asia,935,Asia,651,1973-1975 DSS,Iraq 1973-1975 Demographic Sample Survey and Sample Registration System,1973,1975,10,SRS,11,SRS,,,,,,Used,Used,,,,,Model-based,Abridged,None,None,CD West,"1q0, 5q0 and 45q15",,,
Iraq,,368,IRQ,IQ,368,922,Western Asia,1833,Northern Africa and Western Asia,935,Asia,2125,Estimates,All sources of estimates,1950,,6,Estimate,6,Estimate,1998,,,,Used,,,,,,,Model-based,Abridged,None,None,CD West,"1q0, 5q0 and 45q15",,,
Iraq,,368,IRQ,IQ,368,922,Western Asia,1833,Northern Africa and Western Asia,935,Asia,588,Register,Vital Registration,1955,,9,Register,36,VR,2019,,,,,Used,Used,,Used,Used,Used,Model-based,Abridged,None,None,CD West,"1q0, 5q0 and 45q15",,,
Ireland,,372,IRL,IE,372,924,Northern Europe,1829,Europe and Northern America,908,Europe,2126,Estimates,All sources of estimates,1950,,6,Estimate,6,Estimate,2021,,Used,2021,Used,,,,,,,Empirical,Complete,None,None,,,,,
Ireland,,372,IRL,IE,372,924,Northern Europe,1829,Europe and Northern America,908,Europe,598,Register,Vital Registration,1948,,9,Register,36,VR,2021,,,,,Used,Used,,,,,Empirical,Complete,None,None,,,,,
Isle of Man,19,833,IMN,IM,833,924,Northern Europe,1829,Europe and Northern America,908,Europe,4934,Register,Vital Registration,1948,,9,Register,36,VR,2004,Yes,,,,Used,Used,,,,,Model-based,Abridged,None,None,CD North,e0,,,
Israel,,376,ISR,IL,376,922,Western Asia,1833,Northern Africa and Western Asia,935,Asia,2127,Estimates,All sources of estimates,1950,,6,Estimate,6,Estimate,2020,,Used,2021,Considered,,,,,,,Empirical,Complete,None,None,LogQuad,"1q0, 5q0 and 45q15",,,
Israel,,376,ISR,IL,376,922,Western Asia,1833,Northern Africa and Western Asia,935,Asia,587,Register,Vital Registration,1953,,9,Register,36,VR,2022,,,,,Used,Used,,,Used,,Empirical,Complete,None,None,LogQuad,"1q0, 5q0 and 45q15",,,
Italy,,380,ITA,IT,380,925,Southern Europe,1829,Europe and Northern America,908,Europe,2128,Estimates,All sources of estimates,1950,,6,Estimate,6,Estimate,2021,,Used,2021,Used,,,,,,,Empirical,Complete,None,None,,,,,
Italy,,380,ITA,IT,380,925,Southern Europe,1829,Europe and Northern America,908,Europe,585,Register,Vital Registration,1872,,9,Register,36,VR,2021,,,,,Used,Used,,,,,Empirical,Complete,None,None,,,,,
Jamaica,,388,JAM,JM,388,915,Caribbean,1830,Latin America and the Caribbean,904,Latin America and the Caribbean,2130,Estimates,All sources of estimates,1950,,6,Estimate,6,Estimate,2011,,,,Used,,,,,,,Model-based,Abridged,None,None,HIV/AIDS,"5q0, 45q15, HIV, ART (Child & Adult)",,,
Jamaica,,388,JAM,JM,388,915,Caribbean,1830,Latin America and the Caribbean,904,Latin America and the Caribbean,576,Register,Vital Registration,1948,,9,Register,36,VR,2017,,,,,Used,Used,,Used,Used,Used,Model-based,Abridged,None,None,HIV/AIDS,"5q0, 45q15, HIV, ART (Child & Adult)",,,
Japan,,392,JPN,JP,392,906,Eastern Asia,1832,Eastern and South-Eastern Asia,935,Asia,2131,Estimates,All sources of estimates,1950,,6,Estimate,6,Estimate,2022,,Used,2021,Used,,,,,,,Empirical,Complete,None,None,,,,,
Japan,,392,JPN,JP,392,906,Eastern Asia,1832,Eastern and South-Eastern Asia,935,Asia,577,Register,Vital Registration,1872,,9,Register,36,VR,2022,,,,,Used,Used,,,,,Empirical,Complete,None,None,,,,,
Jersey,19,832,JEY,JE,832,924,Northern Europe,1829,Europe and Northern America,908,Europe,3024,Register,Vital Registration,1950,,9,Register,36,VR,1994,Yes,,,,Used,Used,,,,,Model-based,Abridged,None,None,CD West,e0,,,
Jordan,,400,JOR,JO,400,922,Western Asia,1833,Northern Africa and Western Asia,935,Asia,2133,Estimates,All sources of estimates,1950,,6,Estimate,6,Estimate,,,,,Used,,,,,,,Model-based,Abridged,None,None,CD West,5q0 and 45q15,,,
Jordan,,400,JOR,JO,400,922,Western Asia,1833,Northern Africa and Western Asia,935,Asia,579,Register,Vital Registration,1953,,9,Register,36,VR,2018,,,,,Used,Used,,Used,Used,Used,Model-based,Abridged,None,None,CD West,5q0 and 45q15,,,
Kazakhstan,,398,KAZ,KZ,398,5500,Central Asia,921,Central and Southern Asia,935,Asia,2132,Estimates,All sources of estimates,1950,,6,Estimate,6,Estimate,2012,,,,Used,,,,,,,Empirical,Abridged,5-years,AP,CD West,"1q0, 5q0 and 45q15",,,
Kazakhstan,,398,KAZ,KZ,398,5500,Central Asia,921,Central and Southern Asia,935,Asia,578,Register,Vital Registration,1981,,9,Register,36,VR,2022,,,,,Used,Used,,Used,Used,Used,Empirical,Abridged,5-years,AP,CD West,"1q0, 5q0 and 45q15",,,
Kenya,,404,KEN,KE,404,910,Eastern Africa,947,Sub-Saharan Africa,903,Africa,580,Register,Vital Registration,1960,,9,Register,36,VR,2021,,,,,Used,Used,,,,,Model-based,Abridged,None,None,HIV/AIDS,"5q0, 45q15, HIV, ART (Child & Adult)",,,Yes
Kiribati,,296,KIR,KI,296,954,Micronesia,1835,Oceania (excluding Australia and New Zealand),909,Oceania,2107,Estimates,All sources of estimates,1950,,6,Estimate,6,Estimate,2005,,,,Used,,,,,,,Model-based,Abridged,None,None,CD West,5q0,,,
Kiribati,,296,KIR,KI,296,954,Micronesia,1835,Oceania (excluding Australia and New Zealand),909,Oceania,4893,Register,Vital Registration,1948,,9,Register,36,VR,2016,,,,,Used,Used,,Used,Used,Used,Model-based,Abridged,None,None,CD West,5q0,,,
Kosovo (under UNSC res. 1244),23,412,XKX,XK,412,925,Southern Europe,1829,Europe and Northern America,908,Europe,3373,Register,Vital Registration,1953,,9,Register,36,VR,2022,,,,,Used,Used,,,,,Empirical,Abridged,None,None,,,,,
Kuwait,,414,KWT,KW,414,922,Western Asia,1833,Northern Africa and Western Asia,935,Asia,2137,Estimates,All sources of estimates,1950,,6,Estimate,6,Estimate,2023,,,,Used,,,,,,,Model-based,Abridged,None,AP,LogQuad,"1q0, 5q0 and 45q15",,,
Kuwait,,414,KWT,KW,414,922,Western Asia,1833,Northern Africa and Western Asia,935,Asia,582,Register,Vital Registration,1962,,9,Register,36,VR,2022,,,,,Used,Used,,Used,Used,Used,Model-based,Abridged,None,AP,LogQuad,"1q0, 5q0 and 45q15",,,
Kyrgyzstan,,417,KGZ,KG,417,5500,Central Asia,921,Central and Southern Asia,935,Asia,2138,Estimates,All sources of estimates,1950,,6,Estimate,6,Estimate,1950,,,,Used,,,,,,,Empirical,Abridged,,MAV,,,,,
Kyrgyzstan,,417,KGZ,KG,417,5500,Central Asia,921,Central and Southern Asia,935,Asia,583,Register,Vital Registration,1981,,9,Register,36,VR,2020,,,,,Used,Used,,Used,Used,Used,Empirical,Abridged,,MAV,,,,,
Lao People's Democratic Republic,,418,LAO,LA,418,920,South-Eastern Asia,1832,Eastern and South-Eastern Asia,935,Asia,4941,Register,Vital Registration,1950,,9,Register,36,VR,,,,,,Used,Used,,,,,Model-based,Abridged,3-years,APC,CD West,5q0 and 45q15,,,
Latvia,,428,LVA,LV,428,924,Northern Europe,1829,Europe and Northern America,908,Europe,2142,Estimates,All sources of estimates,1950,,6,Estimate,6,Estimate,2020,,Used,2021,Used,,,,,,,Empirical,Complete,None,None,LogQuad,"1q0, 5q0 and 45q15",,,
Latvia,,428,LVA,LV,428,924,Northern Europe,1829,Europe and Northern America,908,Europe,584,Register,Vital Registration,1959,,9,Register,36,VR,2021,,,,,Used,Used,,,Used,,Empirical,Complete,None,None,LogQuad,"1q0, 5q0 and 45q15",,,
Lebanon,,422,LBN,LB,422,922,Western Asia,1833,Northern Africa and Western Asia,935,Asia,2140,Estimates,All sources of estimates,1950,,6,Estimate,6,Estimate,2020,,,,Used,,,,,,,Model-based,Abridged,None,None,CD West,5q0 and 45q15,,,
Lebanon,,422,LBN,LB,422,922,Western Asia,1833,Northern Africa and Western Asia,935,Asia,4916,Register,Vital Registration,1948,,9,Register,36,VR,2018,,,,,Used,Used,,Used,Used,Used,Model-based,Abridged,None,None,CD West,5q0 and 45q15,,,
Lesotho,,426,LSO,LS,426,913,Southern Africa,947,Sub-Saharan Africa,903,Africa,4917,Register,Vital Registration,1971,,9,Register,36,VR,,,,,,Used,Used,,Considered,,,Model-based,Abridged,None,None,HIV/AIDS,"5q0, 45q15, HIV, ART (Child & Adult)",,,Yes
Liberia,,430,LBR,LR,430,914,Western Africa,947,Sub-Saharan Africa,903,Africa,4940,Register,Vital Registration,1950,,9,Register,36,VR,,,,,,Used,Used,,,,,Model-based,Abridged,None,None,HIV/AIDS,5q0 and 45q15,,,Yes
Libya,,434,LBY,LY,434,912,Northern Africa,1833,Northern Africa and Western Asia,903,Africa,586,Register,Vital Registration,1972,,9,Register,36,VR,2011,,,,,Used,Used,,Used,Used,Used,Model-based,Abridged,3-years,APC,LogQuad,5q0 and 45q15,,,
Liechtenstein,,438,LIE,LI,438,926,Western Europe,1829,Europe and Northern America,908,Europe,4895,Register,Vital Registration,1948,,9,Register,36,VR,2019,,,,,Used,Used,,,,,Model-based,Abridged,None,None,CD West,e0,,,
Lithuania,,440,LTU,LT,440,924,Northern Europe,1829,Europe and Northern America,908,Europe,2146,Estimates,All sources of estimates,1950,,6,Estimate,6,Estimate,2021,,Used,2021,Used,,,,,,,Empirical,Complete,None,None,LogQuad,"1q0, 5q0 and 45q15",,,
Lithuania,,440,LTU,LT,440,924,Northern Europe,1829,Europe and Northern America,908,Europe,600,Register,Vital Registration,1959,,9,Register,36,VR,2021,,,,,Used,Used,,,Used,,Empirical,Complete,None,None,LogQuad,"1q0, 5q0 and 45q15",,,
Luxembourg,,442,LUX,LU,442,926,Western Europe,1829,Europe and Northern America,908,Europe,2147,Estimates,All sources of estimates,1950,,6,Estimate,6,Estimate,2023,,Used,2021,Used,,,,,,,Empirical,Complete,None,None,,,,,
Luxembourg,,442,LUX,LU,442,926,Western Europe,1829,Europe and Northern America,908,Europe,612,Register,Vital Registration,1948,,9,Register,36,VR,2022,,,,,Used,Used,,Considered,,,Empirical,Complete,None,None,,,,,
Madagascar,,450,MDG,MG,450,910,Eastern Africa,947,Sub-Saharan Africa,903,Africa,615,Register,Vital Registration,1955,,9,Register,36,VR,,,,,,Used,Used,,Used,,,Model-based,Abridged,None,None,CD North,5q0 and 45q15,,,
Malawi,,454,MWI,MW,454,910,Eastern Africa,947,Sub-Saharan Africa,903,Africa,4939,Register,Vital Registration,1950,,9,Register,36,VR,,,,,,Used,Used,,Used,,,Model-based,Abridged,None,None,HIV/AIDS,"5q0, 45q15, HIV, ART (Child & Adult)",,,Yes
Malaysia,9,458,MYS,MY,458,920,South-Eastern Asia,1832,Eastern and South-Eastern Asia,935,Asia,616,Register,Vital Registration,1957,,9,Register,36,VR,2016,,,,,Used,Used,,Used,Used,Used,Empirical,Abridged,3-years,MAV,,,,,
Maldives,,462,MDV,MV,462,5501,Southern Asia,921,Central and Southern Asia,935,Asia,2152,Estimates,All sources of estimates,1950,,6,Estimate,6,Estimate,2004,,,,Used,,,,,,,Empirical,Abridged,3-years,MAV-3,CD West,5q0 and 45q15,,,
Maldives,,462,MDV,MV,462,5501,Southern Asia,921,Central and Southern Asia,935,Asia,617,Register,Vital Registration,1974,,9,Register,36,VR,2021,,,,,Used,Used,,Used,Used,Used,Empirical,Abridged,3-years,MAV-3,CD West,5q0 and 45q15,,,
Mali,,466,MLI,ML,466,914,Western Africa,947,Sub-Saharan Africa,903,Africa,4938,Register,Vital Registration,1950,,9,Register,36,VR,,,,,,Used,Used,,,,,Model-based,Abridged,None,None,CD South,"1q0, 5q0 and 45q15",,,
Malta,,470,MLT,MT,470,925,Southern Europe,1829,Europe and Northern America,908,Europe,2154,Estimates,All sources of estimates,1950,,6,Estimate,6,Estimate,2021,,Used,2021,Used,,,,,,,Empirical,Complete,None,None,,,,,
Malta,,470,MLT,MT,470,925,Southern Europe,1829,Europe and Northern America,908,Europe,618,Register,Vital Registration,1948,,9,Register,36,VR,2021,,,,,Used,Used,,,,Used,Empirical,Complete,None,None,,,,,
Marshall Islands,,584,MHL,MH,584,954,Micronesia,1835,Oceania (excluding Australia and New Zealand),909,Oceania,4920,Register,Vital Registration,1982,,9,Register,36,VR,2006,,,,,Used,Used,,Used,Used,Used,Model-based,Abridged,None,None,LogQuad,"1q0, 5q0 and 45q15",,,
Martinique,2,474,MTQ,MQ,474,915,Caribbean,1830,Latin America and the Caribbean,904,Latin America and the Caribbean,2155,Estimates,All sources of estimates,1950,,6,Estimate,6,Estimate,2023,,,,Used,,,,,,,Empirical,Abridged,None,APC,,,,,
Martinique,2,474,MTQ,MQ,474,915,Caribbean,1830,Latin America and the Caribbean,904,Latin America and the Caribbean,619,Register,Vital Registration,1950,,9,Register,36,VR,2021,,,,,Used,Used,,Used,,Used,Empirical,Abridged,None,APC,,,,,
Mauritania,,478,MRT,MR,478,914,Western Africa,947,Sub-Saharan Africa,903,Africa,4918,Register,Vital Registration,1994,,9,Register,36,VR,,,,,,Used,Used,,,,,Model-based,Abridged,None,None,LogQuad,5q0 and 45q15,,,
Mauritius,1,480,MUS,MU,480,910,Eastern Africa,947,Sub-Saharan Africa,903,Africa,2157,Estimates,All sources of estimates,1950,,6,Estimate,6,Estimate,2017,,,,Used,,,,,,,Empirical,Abridged,None,MAV-3,,,,,
Mauritius,1,480,MUS,MU,480,910,Eastern Africa,947,Sub-Saharan Africa,903,Africa,620,Register,Vital Registration,1957,,9,Register,36,VR,2022,,,,,Used,Used,,,Used,Used,Empirical,Abridged,None,MAV-3,,,,,
Mayotte,2,175,MYT,YT,175,910,Eastern Africa,947,Sub-Saharan Africa,903,Africa,2999,Register,Vital Registration,1950,,9,Register,36,VR,2019,,,,,Used,Used,,,Used,,Model-based,Abridged,3-years,APC,LogQuad,"1q0, 5q0 and 45q15",,,
Mexico,,484,MEX,MX,484,916,Central America,1830,Latin America and the Caribbean,904,Latin America and the Caribbean,2158,Estimates,All sources of estimates,1950,,6,Estimate,6,Estimate,2010,,,,Used,,,,,,,Empirical,Abridged,None,MAV,,,,,
Mexico,,484,MEX,MX,484,916,Central America,1830,Latin America and the Caribbean,904,Latin America and the Caribbean,621,Register,Vital Registration,1933,,9,Register,36,VR,2021,,,,,Used,Used,,Used,Used,Used,Empirical,Abridged,None,MAV,,,,,
Micronesia (Fed. States of),,583,FSM,FM,583,954,Micronesia,1835,Oceania (excluding Australia and New Zealand),909,Oceania,610,Register,Vital Registration,1986,,9,Register,36,VR,2022,,,,,Used,Used,,Used,Used,Used,Model-based,Abridged,None,None,LogQuad,5q0 and 45q15,,,
Monaco,,492,MCO,MC,492,926,Western Europe,1829,Europe and Northern America,908,Europe,2159,Estimates,All sources of estimates,1950,,6,Estimate,6,Estimate,,,,,Used,,,,,,,Model-based,Abridged,None,None,CD West,e0,,,
Monaco,,492,MCO,MC,492,926,Western Europe,1829,Europe and Northern America,908,Europe,622,Register,Vital Registration,1950,,9,Register,36,VR,1987,,,,,Used,Used,,,,,Model-based,Abridged,None,None,CD West,e0,,,
Mongolia,,496,MNG,MN,496,906,Eastern Asia,1832,Eastern and South-Eastern Asia,935,Asia,2160,Estimates,All sources of estimates,1950,,6,Estimate,6,Estimate,2020,,,,Used,,,,,,,Empirical,Abridged,3-years,MAV-3,,,,,
Mongolia,,496,MNG,MN,496,906,Eastern Asia,1832,Eastern and South-Eastern Asia,935,Asia,623,Register,Vital Registration,1965,,9,Register,36,VR,2022,,,,,Used,Used,,Used,Used,Used,Empirical,Abridged,3-years,MAV-3,,,,,
Montenegro,,499,MNE,ME,499,925,Southern Europe,1829,Europe and Northern America,908,Europe,2162,Estimates,All sources of estimates,1950,,6,Estimate,6,Estimate,1972,,Used,2021,Used,,,,,,,Empirical,Complete,None,MAV-5,LogQuad,"1q0, 5q0 and 45q15",,,
Montenegro,,499,MNE,ME,499,925,Southern Europe,1829,Europe and Northern America,908,Europe,624,Register,Vital Registration,1960,,9,Register,36,VR,2022,,,,,Used,Used,,Used,Used,Used,Empirical,Complete,None,MAV-5,LogQuad,"1q0, 5q0 and 45q15",,,
Montserrat,19,500,MSR,MS,500,915,Caribbean,1830,Latin America and the Caribbean,904,Latin America and the Caribbean,613,Register,Vital Registration,1950,,9,Register,36,VR,2012,,,,,Used,Used,,,Used,,Model-based,Abridged,None,None,LogQuad,"1q0, 5q0 and 45q15",,,
Morocco,,504,MAR,MA,504,912,Northern Africa,1833,Northern Africa and Western Asia,903,Africa,611,Register,Vital Registration,1989,,9,Register,36,VR,,,,,,Used,Used,,Used,,,Model-based,Abridged,None,None,CD West,5q0,,,
Mozambique,,508,MOZ,MZ,508,910,Eastern Africa,947,Sub-Saharan Africa,903,Africa,602,Register,Vital Registration,1961,,9,Register,36,VR,,,,,,Used,Used,,,,,Model-based,Abridged,None,None,HIV/AIDS,"5q0, 45q15, HIV, ART (Child & Adult)",,,Yes
Myanmar,,104,MMR,MM,104,920,South-Eastern Asia,1832,Eastern and South-Eastern Asia,935,Asia,425,Register,Vital Registration,1977,,9,Register,36,VR,,,,,,Used,Used,,,,,Model-based,Abridged,None,None,CD West,"1q0, 5q0 and 45q15",,,
Namibia,,516,NAM,NA,516,913,Southern Africa,947,Sub-Saharan Africa,903,Africa,4897,Register,Vital Registration,1954,,9,Register,36,VR,2017,,,,,Used,Used,,Used,Used,Used,Model-based,Abridged,None,None,HIV/AIDS,"5q0, 45q15, HIV, ART (Child & Adult)",,,Yes
Nauru,,520,NRU,NR,520,954,Micronesia,1835,Oceania (excluding Australia and New Zealand),909,Oceania,2168,Estimates,All sources of estimates,1950,,6,Estimate,6,Estimate,2002,,,,Used,,,,,,,Model-based,Abridged,None,None,LogQuad,"1q0, 5q0 and 45q15",,,
Nauru,,520,NRU,NR,520,954,Micronesia,1835,Oceania (excluding Australia and New Zealand),909,Oceania,4898,Register,Vital Registration,1948,,9,Register,36,VR,2021,,,,,Used,Used,,Used,Used,Used,Model-based,Abridged,None,None,LogQuad,"1q0, 5q0 and 45q15",,,
Nepal,,524,NPL,NP,524,5501,Southern Asia,921,Central and Southern Asia,935,Asia,4675,Register,Vital Registration,1978,,9,Register,36,VR,,,,,,Used,Used,,,,,Model-based,Abridged,None,None,CD West,5q0 and 45q15,,,
Netherlands,27,528,NLD,NL,528,926,Western Europe,1829,Europe and Northern America,908,Europe,2170,Estimates,All sources of estimates,1950,,6,Estimate,6,Estimate,2022,,Used,2021,Used,,,,,,,Empirical,Complete,None,None,,,,,
Netherlands,27,528,NLD,NL,528,926,Western Europe,1829,Europe and Northern America,908,Europe,603,Register,Vital Registration,1850,,9,Register,36,VR,2021,,,,,Used,Used,,,,,Empirical,Complete,None,None,,,,,
New Caledonia,2,540,NCL,NC,540,928,Melanesia,1835,Oceania (excluding Australia and New Zealand),909,Oceania,606,Register,Vital Registration,1962,,9,Register,36,VR,2021,,,,,Used,Used,,Used,Used,Used,Empirical,Abridged,5-years,AP,,,,,
New Zealand,34,554,NZL,NZ,554,927,Australia/New Zealand,927,Australia/New Zealand,909,Oceania,2175,Estimates,All sources of estimates,1950,,6,Estimate,6,Estimate,2022,,Used,2021,Used,,,,,,,Empirical,Complete,None,None,,,,,
New Zealand,34,554,NZL,NZ,554,927,Australia/New Zealand,927,Australia/New Zealand,909,Oceania,607,Register,Vital Registration,1858,,9,Register,36,VR,2022,,,,,Used,Used,,,,,Empirical,Complete,None,None,,,,,
Nicaragua,,558,NIC,NI,558,916,Central America,1830,Latin America and the Caribbean,904,Latin America and the Caribbean,2176,Estimates,All sources of estimates,1950,,6,Estimate,6,Estimate,2010,,,,Used,,,,,,,Empirical,Abridged,None,MAV-3,CD West,5q0 and 45q15,,,
Nicaragua,,558,NIC,NI,558,916,Central America,1830,Latin America and the Caribbean,904,Latin America and the Caribbean,608,Register,Vital Registration,1948,,9,Register,36,VR,2022,,,,,Used,Used,,Used,Used,Used,Empirical,Abridged,None,MAV-3,CD West,5q0 and 45q15,,,
Niger,,562,NER,NE,562,914,Western Africa,947,Sub-Saharan Africa,903,Africa,7610,Register,Vital Registration,1950,,9,Register,36,VR,,,,,,Used,Used,,,,,Model-based,Abridged,None,None,CD South,"1q0, 5q0 and 45q15",,,
Nigeria,,566,NGA,NG,566,914,Western Africa,947,Sub-Saharan Africa,903,Africa,4919,Register,Vital Registration,1984,,9,Register,36,VR,,,,,,Used,Used,,,,,Model-based,Abridged,None,None,CD North,"1q0, 5q0 and 45q15",,,
Niue,36,570,NIU,NU,570,957,Polynesia,1835,Oceania (excluding Australia and New Zealand),909,Oceania,4899,Register,Vital Registration,1948,,9,Register,36,VR,2016,,,,,Used,Used,,Considered,Used,Used,Model-based,Abridged,None,None,LogQuad,"1q0, 5q0 and 45q15",,,
North Macedonia,,807,MKD,MK,807,925,Southern Europe,1829,Europe and Northern America,908,Europe,2244,Estimates,All sources of estimates,1950,,6,Estimate,6,Estimate,2018,,Used,2021,Used,,,,,,,Empirical,Complete,None,None,LogQuad,"1q0, 5q0 and 45q15",,,
North Macedonia,,807,MKD,MK,807,925,Southern Europe,1829,Europe and Northern America,908,Europe,561,Register,Vital Registration,1982,,9,Register,36,VR,2022,,,,,Used,Used,,Considered,Used,Used,Empirical,Complete,None,None,LogQuad,"1q0, 5q0 and 45q15",,,
Northern Mariana Islands,30,580,MNP,MP,580,954,Micronesia,1835,Oceania (excluding Australia and New Zealand),909,Oceania,4900,Register,Vital Registration,1968,,9,Register,36,VR,2007,,,,,Used,Used,,,Used,,Model-based,Abridged,None,None,LogQuad,"1q0, 5q0 and 45q15",,,
Norway,20,578,NOR,NO,578,924,Northern Europe,1829,Europe and Northern America,908,Europe,2180,Estimates,All sources of estimates,1950,,6,Estimate,6,Estimate,2023,,Used,2021,Used,,,,,,,Empirical,Complete,None,None,,,,,
Norway,20,578,NOR,NO,578,924,Northern Europe,1829,Europe and Northern America,908,Europe,609,Register,Vital Registration,1846,,9,Register,36,VR,2023,,,,,Used,Used,,,,,Empirical,Complete,None,None,,,,,
Oman,,512,OMN,OM,512,922,Western Asia,1833,Northern Africa and Western Asia,935,Asia,2166,Estimates,All sources of estimates,1950,,6,Estimate,6,Estimate,2024,,,,Used,,,,,,,Empirical,Abridged,None,AP,,,,,
Oman,,512,OMN,OM,512,922,Western Asia,1833,Northern Africa and Western Asia,935,Asia,4896,Register,Vital Registration,1980,,9,Register,36,VR,2022,,,,,Used,Used,Used,,Used,Used,Empirical,Abridged,None,AP,,,,,
Pakistan,,586,PAK,PK,586,5501,Southern Asia,921,Central and Southern Asia,935,Asia,2185,Estimates,All sources of estimates,1950,,6,Estimate,6,Estimate,2007,,,,Used,,,,,,,Model-based,Abridged,None,None,CD West,"1q0, 5q0 and 45q15",,,
Pakistan,,586,PAK,PK,586,5501,Southern Asia,921,Central and Southern Asia,935,Asia,8018,Register,Vital Registration,1948,,9,Register,36,VR,,,,,,Used,Used,,,,,Model-based,Abridged,None,None,CD West,"1q0, 5q0 and 45q15",,,
Palau,,585,PLW,PW,585,954,Micronesia,1835,Oceania (excluding Australia and New Zealand),909,Oceania,2184,Estimates,All sources of estimates,1950,,6,Estimate,6,Estimate,2005,,,,Used,,,,,,,Model-based,Abridged,None,None,LogQuad,"1q0, 5q0 and 45q15",,,
Palau,,585,PLW,PW,585,954,Micronesia,1835,Oceania (excluding Australia and New Zealand),909,Oceania,4901,Register,Vital Registration,1956,,9,Register,36,VR,2020,,,,,Used,Used,,Considered,Used,Used,Model-based,Abridged,None,None,LogQuad,"1q0, 5q0 and 45q15",,,
Panama,,591,PAN,PA,591,916,Central America,1830,Latin America and the Caribbean,904,Latin America and the Caribbean,2186,Estimates,All sources of estimates,1950,,6,Estimate,6,Estimate,,,,,Used,,,,,,,Empirical,Abridged,None,MAV-7,,,,,
Panama,,591,PAN,PA,591,916,Central America,1830,Latin America and the Caribbean,904,Latin America and the Caribbean,575,Register,Vital Registration,1948,,9,Register,36,VR,2021,,,,,Used,Used,,Used,Used,Used,Empirical,Abridged,None,MAV-7,,,,,
Papua New Guinea,,598,PNG,PG,598,928,Melanesia,1835,Oceania (excluding Australia and New Zealand),909,Oceania,599,Register,Vital Registration,1977,,9,Register,36,VR,,,,,,Used,Used,,Used,Used,Used,Model-based,Abridged,None,None,LogQuad,5q0 and 45q15,,,
Paraguay,,600,PRY,PY,600,931,South America,1830,Latin America and the Caribbean,904,Latin America and the Caribbean,2188,Estimates,All sources of estimates,1950,,6,Estimate,6,Estimate,,,,,Used,,,,,,,Empirical,Abridged,5-years,MAV-3,LogQuad,"1q0, 5q0 and 45q15",,,
Paraguay,,600,PRY,PY,600,931,South America,1830,Latin America and the Caribbean,904,Latin America and the Caribbean,574,Register,Vital Registration,1948,,9,Register,36,VR,2021,,,,,Used,Used,,Used,Used,Used,Empirical,Abridged,5-years,MAV-3,LogQuad,"1q0, 5q0 and 45q15",,,
Peru,,604,PER,PE,604,931,South America,1830,Latin America and the Caribbean,904,Latin America and the Caribbean,2189,Estimates,All sources of estimates,1950,,6,Estimate,6,Estimate,2015,,,,Used,,,,,,,Empirical,Abridged,None,MAV,LogQuad,"1q0, 5q0 and 45q15",,,
Peru,,604,PER,PE,604,931,South America,1830,Latin America and the Caribbean,904,Latin America and the Caribbean,547,Register,Vital Registration,1939,,9,Register,36,VR,2022,,,,,Used,Used,,Used,Used,Used,Empirical,Abridged,None,MAV,LogQuad,"1q0, 5q0 and 45q15",,,
Philippines,,608,PHL,PH,608,920,South-Eastern Asia,1832,Eastern and South-Eastern Asia,935,Asia,2190,Estimates,All sources of estimates,1950,,6,Estimate,6,Estimate,2000,,,,Used,,,,,,,Model-based,Abridged,None,None,CD West,5q0,,,
Philippines,,608,PHL,PH,608,920,South-Eastern Asia,1832,Eastern and South-Eastern Asia,935,Asia,537,Register,Vital Registration,1922,,9,Register,36,VR,2021,,,,,Used,Used,,,Used,Used,Model-based,Abridged,None,None,CD West,5q0,,,
Poland,,616,POL,PL,616,923,Eastern Europe,1829,Europe and Northern America,908,Europe,2192,Estimates,All sources of estimates,1950,,6,Estimate,6,Estimate,2022,,Used,2021,Used,,,,,,,Empirical,Complete,None,MAV-3,,,,,
Poland,,616,POL,PL,616,923,Eastern Europe,1829,Europe and Northern America,908,Europe,538,Register,Vital Registration,1950,,9,Register,36,VR,2021,,,,,Used,Used,,,,,Empirical,Complete,None,MAV-3,,,,,
Portugal,,620,PRT,PT,620,925,Southern Europe,1829,Europe and Northern America,908,Europe,2193,Estimates,All sources of estimates,1950,,6,Estimate,6,Estimate,2022,,Used,2021,Used,,,,,,,Empirical,Complete,None,None,,,,,
Portugal,,620,PRT,PT,620,925,Southern Europe,1829,Europe and Northern America,908,Europe,539,Register,Vital Registration,1940,,9,Register,36,VR,2020,,,,,Used,Used,,,,,Empirical,Complete,None,None,,,,,
Puerto Rico,30,630,PRI,PR,630,915,Caribbean,1830,Latin America and the Caribbean,904,Latin America and the Caribbean,2196,Estimates,All sources of estimates,1950,,6,Estimate,6,Estimate,2010,,,,Used,,,,,,,Empirical,Abridged,None,APC,,,,,
Puerto Rico,30,630,PRI,PR,630,915,Caribbean,1830,Latin America and the Caribbean,904,Latin America and the Caribbean,541,Register,Vital Registration,1948,,9,Register,36,VR,2022,,,,,Used,Used,,,,,Empirical,Abridged,None,APC,,,,,
Qatar,,634,QAT,QA,634,922,Western Asia,1833,Northern Africa and Western Asia,935,Asia,2197,Estimates,All sources of estimates,1950,,6,Estimate,6,Estimate,2022,,,,Considered,,,,,,,Empirical,Abridged,None,AP,,,,,
Qatar,,634,QAT,QA,634,922,Western Asia,1833,Northern Africa and Western Asia,935,Asia,542,Register,Vital Registration,1981,,9,Register,36,VR,2021,,,,,Used,Used,,,Used,Used,Empirical,Abridged,None,AP,,,,,
Republic of Korea,,410,KOR,KR,410,906,Eastern Asia,1832,Eastern and South-Eastern Asia,935,Asia,2136,Estimates,All sources of estimates,1950,,6,Estimate,6,Estimate,2021,,Used,2021,Used,,,,,,,Empirical,Abridged,None,APC,,,,,
Republic of Korea,,410,KOR,KR,410,906,Eastern Asia,1832,Eastern and South-Eastern Asia,935,Asia,581,Register,Vital Registration,1948,,9,Register,36,VR,2019,,,,,Used,Used,,Used,Used,Used,Empirical,Abridged,None,APC,,,,,
Republic of Moldova,14,498,MDA,MD,498,923,Eastern Europe,1829,Europe and Northern America,908,Europe,2161,Estimates,All sources of estimates,1950,,6,Estimate,6,Estimate,2022,,Used,2021,Used,,,,,,,Empirical,Abridged,5-years,MAV-3,,,,,
Republic of Moldova,14,498,MDA,MD,498,923,Eastern Europe,1829,Europe and Northern America,908,Europe,614,Register,Vital Registration,1981,,9,Register,36,VR,1978,,,,,Used,Used,,,Used,Used,Empirical,Abridged,5-years,MAV-3,,,,,
Romania,,642,ROU,RO,642,923,Eastern Europe,1829,Europe and Northern America,908,Europe,2199,Estimates,All sources of estimates,1950,,6,Estimate,6,Estimate,1999,,Used,2021,Used,,,,,,,Empirical,Complete,None,None,,,,,
Romania,,642,ROU,RO,642,923,Eastern Europe,1829,Europe and Northern America,908,Europe,544,Register,Vital Registration,1956,,9,Register,36,VR,2021,,,,,Used,Used,,,,Used,Empirical,Complete,None,None,,,,,
Russian Federation,,643,RUS,RU,643,923,Eastern Europe,1829,Europe and Northern America,908,Europe,2200,Estimates,All sources of estimates,1950,,6,Estimate,6,Estimate,2017,,Used,2021,Used,,,,,,,Empirical,Complete,None,TOPALS,,,,,
Russian Federation,,643,RUS,RU,643,923,Eastern Europe,1829,Europe and Northern America,908,Europe,545,Register,Vital Registration,1959,,9,Register,36,VR,2020,,,,,Used,Used,,,,Used,Empirical,Complete,None,TOPALS,,,,,
Rwanda,,646,RWA,RW,646,910,Eastern Africa,947,Sub-Saharan Africa,903,Africa,4923,Register,Vital Registration,1964,,9,Register,36,VR,,,,,,Used,Used,,,,,Model-based,Abridged,None,None,HIV/AIDS,"5q0, 45q15, HIV, ART (Child & Adult)",,,Yes
Réunion,2,638,REU,RE,638,910,Eastern Africa,947,Sub-Saharan Africa,903,Africa,2198,Estimates,All sources of estimates,1950,,6,Estimate,6,Estimate,2023,,,,Used,,,,,,,Empirical,Abridged,3-years,MAV-3,,,,,
Réunion,2,638,REU,RE,638,910,Eastern Africa,947,Sub-Saharan Africa,903,Africa,543,Register,Vital Registration,1951,,9,Register,36,VR,2021,,,,,Used,Used,,,,Used,Empirical,Abridged,3-years,MAV-3,,,,,
Saint Barthélemy,2,652,BLM,BL,652,915,Caribbean,1830,Latin America and the Caribbean,904,Latin America and the Caribbean,8001,Register,Vital Registration,1948,,9,Register,36,VR,2020,,,,,Used,Used,,,,,Model-based,Abridged,None,None,CD West,e0,,,
Saint Helena,4,654,SHN,SH,654,914,Western Africa,947,Sub-Saharan Africa,903,Africa,6123,Register,Vital Registration,1950,,9,Register,36,VR,,,,,Used,,,,,,,Model-based,Abridged,None,None,CD West,e0,,,
Saint Kitts and Nevis,,659,KNA,KN,659,915,Caribbean,1830,Latin America and the Caribbean,904,Latin America and the Caribbean,536,Register,Vital Registration,1950,,9,Register,36,VR,2016,,,,,Used,Used,,Used,Used,,Model-based,Abridged,None,None,LogQuad,"1q0, 5q0 and 45q15",,,
Saint Lucia,,662,LCA,LC,662,915,Caribbean,1830,Latin America and the Caribbean,904,Latin America and the Caribbean,546,Register,Vital Registration,1948,,9,Register,36,VR,2020,,,,,Used,Used,,Used,Used,Used,Model-based,Abridged,5-years,APC,LogQuad,5q0 and 45q15,,,
Saint Martin (French part),2,663,MAF,MF,663,915,Caribbean,1830,Latin America and the Caribbean,904,Latin America and the Caribbean,8003,Register,Vital Registration,1948,,9,Register,36,VR,2019,,,,,Used,Used,,,,,Model-based,Abridged,None,None,CD West,e0,,,
Saint Pierre and Miquelon,2,666,SPM,PM,666,918,Northern America,1829,Europe and Northern America,905,Northern America,535,Register,Vital Registration,1950,,9,Register,36,VR,2013,,,,,Used,Used,,,Used,,Model-based,Abridged,None,None,LogQuad,"1q0, 5q0 and 45q15",,,
Saint Vincent and the Grenadines,,670,VCT,VC,670,915,Caribbean,1830,Latin America and the Caribbean,904,Latin America and the Caribbean,533,Register,Vital Registration,1948,,9,Register,36,VR,2021,,,,,Used,Used,,Used,Used,Used,Empirical,Abridged,5-years,MAV-5,,,,,
Samoa,,882,WSM,WS,882,957,Polynesia,1835,Oceania (excluding Australia and New Zealand),909,Oceania,557,Register,Vital Registration,1955,,9,Register,36,VR,2016,,,,,Used,Used,,Used,Used,Used,Model-based,Abridged,None,None,LogQuad,5q0 and 45q15,,,
San Marino,,674,SMR,SM,674,925,Southern Europe,1829,Europe and Northern America,908,Europe,524,Register,Vital Registration,1950,,9,Register,36,VR,2018,,,,,Used,Used,,,Used,,Model-based,Abridged,None,None,LogQuad,"1q0, 5q0 and 45q15",,,
Sao Tome and Principe,,678,STP,ST,678,911,Middle Africa,947,Sub-Saharan Africa,903,Africa,525,Register,Vital Registration,1955,,9,Register,36,VR,2012,,,,,Used,Used,,Used,Used,Used,Model-based,Abridged,3-years,None,LogQuad,5q0 and 45q15,,,Yes
Saudi Arabia,,682,SAU,SA,682,922,Western Asia,1833,Northern Africa and Western Asia,935,Asia,2210,Estimates,All sources of estimates,1950,,6,Estimate,6,Estimate,2022,,,,Used,,,,,,,Empirical,Abridged,None,AP,,,,,
Saudi Arabia,,682,SAU,SA,682,922,Western Asia,1833,Northern Africa and Western Asia,935,Asia,4925,Register,Vital Registration,1995,,9,Register,36,VR,,,,,,Used,Used,Used,,Used,Used,Empirical,Abridged,None,AP,,,,,
Senegal,,686,SEN,SN,686,914,Western Africa,947,Sub-Saharan Africa,903,Africa,2211,Estimates,All sources of estimates,1950,,6,Estimate,6,Estimate,1999,,,,Used,,,,,,,Model-based,Abridged,None,None,CD South,"1q0, 5q0 and 45q15",,,
Senegal,,686,SEN,SN,686,914,Western Africa,947,Sub-Saharan Africa,903,Africa,4926,Register,Vital Registration,1930,,9,Register,36,VR,,,,,,Used,Used,,,,,Model-based,Abridged,None,None,CD South,"1q0, 5q0 and 45q15",,,
Serbia,24,688,SRB,RS,688,925,Southern Europe,1829,Europe and Northern America,908,Europe,2212,Estimates,All sources of estimates,1950,,6,Estimate,6,Estimate,2018,,Used,2021,Used,,,,,,,Empirical,Complete,None,MAV-3,LogQuad,"1q0, 5q0 and 45q15",,,
Serbia,24,688,SRB,RS,688,925,Southern Europe,1829,Europe and Northern America,908,Europe,526,Register,Vital Registration,1953,,9,Register,36,VR,2022,,,,,Used,Used,,,Used,Used,Empirical,Complete,None,MAV-3,LogQuad,"1q0, 5q0 and 45q15",,,
Seychelles,,690,SYC,SC,690,910,Eastern Africa,947,Sub-Saharan Africa,903,Africa,527,Register,Vital Registration,1950,,9,Register,36,VR,2020,,,,,Used,Used,,,Used,Used,Empirical,Abridged,7-years,MAV-3,,,,,
Sierra Leone,,694,SLE,SL,694,914,Western Africa,947,Sub-Saharan Africa,903,Africa,8355,VR,Vital Registration,1950,,9,Register,36,VR,2015,,,,,Considered,Considered,,Considered,Considered,Considered,Model-based,Abridged,None,None,LogQuad,5q0 and 45q15,,,
Singapore,,702,SGP,SG,702,920,South-Eastern Asia,1832,Eastern and South-Eastern Asia,935,Asia,2215,Estimates,All sources of estimates,1950,,6,Estimate,6,Estimate,2023,,,,Used,,,,,,,Empirical,Abridged,3-years,None,,,,,
Singapore,,702,SGP,SG,702,920,South-Eastern Asia,1832,Eastern and South-Eastern Asia,935,Asia,528,Register,Vital Registration,1948,,9,Register,36,VR,1954,,,,,Used,Used,,Used,Used,Used,Empirical,Abridged,3-years,None,,,,,
Sint Maarten (Dutch part),29,534,SXM,SX,534,915,Caribbean,1830,Latin America and the Caribbean,904,Latin America and the Caribbean,5801,Register,Vital Registration,1950,,9,Register,36,VR,2017,,,,,Used,Used,,,,,Model-based,Abridged,None,None,CD West,e0,,,
Slovakia,,703,SVK,SK,703,923,Eastern Europe,1829,Europe and Northern America,908,Europe,2216,Estimates,All sources of estimates,1950,,6,Estimate,6,Estimate,2020,,Used,2021,Used,,,,,,,Empirical,Complete,None,None,,,,,
Slovakia,,703,SVK,SK,703,923,Eastern Europe,1829,Europe and Northern America,908,Europe,529,Register,Vital Registration,1950,,9,Register,36,VR,2021,,,,,Used,Used,,,,,Empirical,Complete,None,None,,,,,
Slovenia,,705,SVN,SI,705,925,Southern Europe,1829,Europe and Northern America,908,Europe,2218,Estimates,All sources of estimates,1950,,6,Estimate,6,Estimate,2020,,Used,2021,Used,,,,,,,Empirical,Complete,None,MAV-3,LogQuad,"1q0, 5q0 and 45q15",,,
Slovenia,,705,SVN,SI,705,925,Southern Europe,1829,Europe and Northern America,908,Europe,530,Register,Vital Registration,1982,,9,Register,36,VR,2022,,,,,Used,Used,,,Used,,Empirical,Complete,None,MAV-3,LogQuad,"1q0, 5q0 and 45q15",,,
Solomon Islands,,90,SLB,SB,90,928,Melanesia,1835,Oceania (excluding Australia and New Zealand),909,Oceania,421,Register,Vital Registration,1990,,9,Register,36,VR,,,,,,Used,Used,,Used,Used,Used,Model-based,Abridged,None,None,CD West,"1q0, 5q0 and 45q15",,,
South Africa,,710,ZAF,ZA,710,913,Southern Africa,947,Sub-Saharan Africa,903,Africa,2220,Estimates,All sources of estimates,1950,,6,Estimate,6,Estimate,1991,,,,Used,,,,,,,Empirical,Abridged,None,None,HIV/AIDS,"5q0, 45q15, HIV, ART (Child & Adult)",,,Yes
South Africa,,710,ZAF,ZA,710,913,Southern Africa,947,Sub-Saharan Africa,903,Africa,531,Register,Vital Registration,1968,,9,Register,36,VR,2008,,,,,Used,Used,,Used,Used,Used,Empirical,Abridged,None,None,HIV/AIDS,"5q0, 45q15, HIV, ART (Child & Adult)",,,Yes
South Sudan,,728,SSD,SS,728,910,Eastern Africa,947,Sub-Saharan Africa,903,Africa,5244,Register,Vital Registration,1956,,9,Register,36,VR,,,,,,Used,Used,,,,,Model-based,Abridged,None,None,CD North,5q0 and 45q15,,,
Spain,25,724,ESP,ES,724,925,Southern Europe,1829,Europe and Northern America,908,Europe,2222,Estimates,All sources of estimates,1950,,6,Estimate,6,Estimate,2021,,Used,2021,Used,,,,,,,Empirical,Complete,None,None,,,,,
Spain,25,724,ESP,ES,724,925,Southern Europe,1829,Europe and Northern America,908,Europe,534,Register,Vital Registration,1908,,9,Register,36,VR,2020,,,,,Used,Used,,,,Used,Empirical,Complete,None,None,,,,,
Sri Lanka,,144,LKA,LK,144,5501,Southern Asia,921,Central and Southern Asia,935,Asia,2065,Estimates,All sources of estimates,1950,,6,Estimate,6,Estimate,2013,,,,Used,,,,,,,Empirical,Abridged,5-years,APC,CD West,"1q0, 5q0 and 45q15",,,
Sri Lanka,,144,LKA,LK,144,5501,Southern Asia,921,Central and Southern Asia,935,Asia,444,Register,Vital Registration,1887,,9,Register,36,VR,2019,,,,,Used,Used,,Used,Used,Used,Empirical,Abridged,5-years,APC,CD West,"1q0, 5q0 and 45q15",,,
State of Palestine,13,275,PSE,PS,275,922,Western Asia,1833,Northern Africa and Western Asia,935,Asia,453,Register,Vital Registration,1999,,9,Register,36,VR,2021,,,,,Used,Used,,Used,Used,Used,Model-based,Abridged,None,None,CD West,5q0,,,
Sudan,,729,SDN,SD,729,912,Northern Africa,1833,Northern Africa and Western Asia,903,Africa,5227,Register,Vital Registration,1956,,9,Register,36,VR,,,,,,Used,Used,,,,,Model-based,Abridged,5-years,APC,CD North,5q0 and 45q15,,,
Suriname,,740,SUR,SR,740,931,South America,1830,Latin America and the Caribbean,904,Latin America and the Caribbean,2225,Estimates,All sources of estimates,1950,,6,Estimate,6,Estimate,,,,,Used,,,,,,,Empirical,Abridged,5-years,MAV-5,,,,,
Suriname,,740,SUR,SR,740,931,South America,1830,Latin America and the Caribbean,904,Latin America and the Caribbean,548,Register,Vital Registration,1948,,9,Register,36,VR,2021,,,,,Used,Used,,Used,Used,Used,Empirical,Abridged,5-years,MAV-5,,,,,
Sweden,,752,SWE,SE,752,924,Northern Europe,1829,Europe and Northern America,908,Europe,2227,Estimates,All sources of estimates,1950,,6,Estimate,6,Estimate,2023,,Used,2021,Used,,,,,,,Empirical,Complete,None,None,,,,,
Sweden,,752,SWE,SE,752,924,Northern Europe,1829,Europe and Northern America,908,Europe,560,Register,Vital Registration,1751,,9,Register,36,VR,2023,,,,,Used,Used,,,,,Empirical,Complete,None,None,,,,,
Switzerland,,756,CHE,CH,756,926,Western Europe,1829,Europe and Northern America,908,Europe,2228,Estimates,All sources of estimates,1950,,6,Estimate,6,Estimate,2022,,Used,2021,Used,,,,,,,Empirical,Complete,None,None,,,,,
Switzerland,,756,CHE,CH,756,926,Western Europe,1829,Europe and Northern America,908,Europe,549,Register,Vital Registration,1876,,9,Register,36,VR,2021,,,,,Used,Used,,,,,Empirical,Complete,None,None,,,,,
Syrian Arab Republic,,760,SYR,SY,760,922,Western Asia,1833,Northern Africa and Western Asia,935,Asia,2229,Estimates,All sources of estimates,1950,,6,Estimate,6,Estimate,1998,,,,Used,,,,,,,Model-based,Abridged,None,None,CD West,"1q0, 5q0 and 45q15",,,
Syrian Arab Republic,,760,SYR,SY,760,922,Western Asia,1833,Northern Africa and Western Asia,935,Asia,563,Register,Vital Registration,1964,,9,Register,36,VR,2010,,,,,Used,Used,,Used,Used,Used,Model-based,Abridged,None,None,CD West,"1q0, 5q0 and 45q15",,,
Tajikistan,,762,TJK,TJ,762,5500,Central Asia,921,Central and Southern Asia,935,Asia,2230,Estimates,All sources of estimates,1950,,6,Estimate,6,Estimate,,,,,Considered,,,,,,,Empirical,Abridged,,,CD West,"1q0, 5q0 and 45q15",,,
Tajikistan,,762,TJK,TJ,762,5500,Central Asia,921,Central and Southern Asia,935,Asia,564,Register,Vital Registration,1981,,9,Register,36,VR,2019,,,,,Used,Used,,Used,Used,Used,Empirical,Abridged,,,CD West,"1q0, 5q0 and 45q15",,,
Thailand,,764,THA,TH,764,920,South-Eastern Asia,1832,Eastern and South-Eastern Asia,935,Asia,2231,Estimates,All sources of estimates,1950,,6,Estimate,6,Estimate,2006,,,,Used,,,,,,,Empirical,Abridged,3-years,MAV,CD West,"1q0, 5q0 and 45q15",,,
Thailand,,764,THA,TH,764,920,South-Eastern Asia,1832,Eastern and South-Eastern Asia,935,Asia,565,Register,Vital Registration,1936,,9,Register,36,VR,2021,,,,,Used,Used,,Used,Used,Used,Empirical,Abridged,3-years,MAV,CD West,"1q0, 5q0 and 45q15",,,
Timor-Leste,,626,TLS,TL,626,920,South-Eastern Asia,1832,Eastern and South-Eastern Asia,935,Asia,2195,Estimates,All sources of estimates,1950,,6,Estimate,6,Estimate,2015,,,,Used,,,,,,,Model-based,Abridged,3-years,APC,CD West,5q0,,,
Timor-Leste,,626,TLS,TL,626,920,South-Eastern Asia,1832,Eastern and South-Eastern Asia,935,Asia,4922,Register,Vital Registration,1954,,9,Register,36,VR,,,,,,Used,Used,,,,,Model-based,Abridged,3-years,APC,CD West,5q0,,,
Togo,,768,TGO,TG,768,914,Western Africa,947,Sub-Saharan Africa,903,Africa,2232,Estimates,All sources of estimates,1950,,6,Estimate,6,Estimate,1961,,,,Considered,,,,,,,Model-based,Abridged,None,None,CD South,5q0 and 45q15,,,Yes
Togo,,768,TGO,TG,768,914,Western Africa,947,Sub-Saharan Africa,903,Africa,4931,Register,Vital Registration,1948,,9,Register,36,VR,,,,,,Considered,Considered,,,,,Model-based,Abridged,None,None,CD South,5q0 and 45q15,,,Yes
Tokelau,36,772,TKL,TK,772,957,Polynesia,1835,Oceania (excluding Australia and New Zealand),909,Oceania,4932,Register,Vital Registration,1955,,9,Register,36,VR,1976,,,,,Used,Used,,Used,Used,Used,Model-based,Abridged,None,None,LogQuad,"1q0, 5q0 and 45q15",,,
Tonga,,776,TON,TO,776,957,Polynesia,1835,Oceania (excluding Australia and New Zealand),909,Oceania,2234,Estimates,All sources of estimates,1950,,6,Estimate,6,Estimate,,,,,Used,,,,,,,Model-based,Abridged,None,None,LogQuad,5q0 and 45q15,,,
Tonga,,776,TON,TO,776,957,Polynesia,1835,Oceania (excluding Australia and New Zealand),909,Oceania,566,Register,Vital Registration,1957,,9,Register,36,VR,2003,,,,,Used,Used,,Used,Used,Used,Model-based,Abridged,None,None,LogQuad,5q0 and 45q15,,,
Trinidad and Tobago,,780,TTO,TT,780,915,Caribbean,1830,Latin America and the Caribbean,904,Latin America and the Caribbean,2235,Estimates,All sources of estimates,1950,,6,Estimate,6,Estimate,2011,,,,Considered,,,,,,,Empirical,Abridged,None,MAV-5,,,,,
Trinidad and Tobago,,780,TTO,TT,780,915,Caribbean,1830,Latin America and the Caribbean,904,Latin America and the Caribbean,567,Register,Vital Registration,1948,,9,Register,36,VR,2018,,,,,Used,Used,,Used,Used,Used,Empirical,Abridged,None,MAV-5,,,,,
Tunisia,,788,TUN,TN,788,912,Northern Africa,1833,Northern Africa and Western Asia,903,Africa,2237,Estimates,All sources of estimates,1950,,6,Estimate,6,Estimate,1970,,,,Used,,,,,,,Empirical,Abridged,3-years,MAV,,,,,
Tunisia,,788,TUN,TN,788,912,Northern Africa,1833,Northern Africa and Western Asia,903,Africa,569,Register,Vital Registration,1960,,9,Register,36,VR,2016,,,,,Used,Used,,Used,Used,Used,Empirical,Abridged,3-years,MAV,,,,,
Turkmenistan,,795,TKM,TM,795,5500,Central Asia,921,Central and Southern Asia,935,Asia,571,Register,Vital Registration,1981,,9,Register,36,VR,2019,,,,,Used,Used,,Used,Used,Used,Empirical,Abridged,3-years,MAV,,,,,
Turks and Caicos Islands,19,796,TCA,TC,796,915,Caribbean,1830,Latin America and the Caribbean,904,Latin America and the Caribbean,562,Register,Vital Registration,1950,,9,Register,36,VR,2018,,,,,Used,Used,,Used,Used,Used,Model-based,Abridged,None,None,LogQuad,"1q0, 5q0 and 45q15",,,
Tuvalu,,798,TUV,TV,798,957,Polynesia,1835,Oceania (excluding Australia and New Zealand),909,Oceania,4902,Register,Vital Registration,1990,,9,Register,36,VR,2018,,,,,Used,Used,,Used,Used,Used,Model-based,Abridged,None,None,LogQuad,"1q0, 5q0 and 45q15",,,
Türkiye,,792,TUR,TR,792,922,Western Asia,1833,Northern Africa and Western Asia,935,Asia,2238,Estimates,All sources of estimates,1950,,6,Estimate,6,Estimate,2020,,Used,2021,Used,,,,,,,Empirical,Abridged,3-years,APC,,,,,
Türkiye,,792,TUR,TR,792,922,Western Asia,1833,Northern Africa and Western Asia,935,Asia,570,Register,Vital Registration,1990,,9,Register,36,VR,2019,,,,,Used,Used,,Used,Used,Used,Empirical,Abridged,3-years,APC,,,,,
Uganda,,800,UGA,UG,800,910,Eastern Africa,947,Sub-Saharan Africa,903,Africa,4933,Register,Vital Registration,1950,,9,Register,36,VR,,,,,,Used,Used,,,,,Model-based,Abridged,None,None,HIV/AIDS,"5q0, 45q15, HIV, ART (Child & Adult)",,,Yes
Ukraine,15,804,UKR,UA,804,923,Eastern Europe,1829,Europe and Northern America,908,Europe,2243,Estimates,All sources of estimates,1950,,6,Estimate,6,Estimate,2014,,Used,2021,Used,,,,,,,Empirical,Complete,None,MAV-3,LogQuad,"1q0, 5q0 and 45q15",,,
Ukraine,15,804,UKR,UA,804,923,Eastern Europe,1829,Europe and Northern America,908,Europe,572,Register,Vital Registration,1959,,9,Register,36,VR,2021,,,,,Used,Used,,,Used,Used,Empirical,Complete,None,MAV-3,LogQuad,"1q0, 5q0 and 45q15",,,
United Arab Emirates,,784,ARE,AE,784,922,Western Asia,1833,Northern Africa and Western Asia,935,Asia,2236,Estimates,All sources of estimates,1950,,6,Estimate,6,Estimate,2023,,,,Used,,,,,,,Empirical,Abridged,None,AP,,,,,
United Arab Emirates,,784,ARE,AE,784,922,Western Asia,1833,Northern Africa and Western Asia,935,Asia,568,Register,Vital Registration,1992,,9,Register,36,VR,,,,,,Used,Used,,,Used,Used,Empirical,Abridged,None,AP,,,,,
United Kingdom,21,826,GBR,GB,826,924,Northern Europe,1829,Europe and Northern America,908,Europe,2246,Estimates,All sources of estimates,1950,,6,Estimate,6,Estimate,2021,,Used,2021,Used,,,,,,,Empirical,Complete,None,None,,,,,
United Kingdom,21,826,GBR,GB,826,924,Northern Europe,1829,Europe and Northern America,908,Europe,550,Register,Vital Registration,1950,,9,Register,36,VR,2020,,,,,Used,Used,,,,,Empirical,Complete,None,None,,,,,
United Republic of Tanzania,3,834,TZA,TZ,834,910,Eastern Africa,947,Sub-Saharan Africa,903,Africa,6124,Register,Vital Registration,1950,,9,Register,36,VR,,,,,,Used,Used,,,,,Model-based,Abridged,None,None,HIV/AIDS,"5q0, 45q15, HIV, ART (Child & Adult)",,,Yes
United States Virgin Islands,30,850,VIR,VI,850,915,Caribbean,1830,Latin America and the Caribbean,904,Latin America and the Caribbean,553,Register,Vital Registration,1948,,9,Register,36,VR,2017,,,,,Used,Used,,Used,Used,Used,Model-based,Abridged,5-years,APC,CD West,5q0 and 45q15,,,
United States of America,32,840,USA,US,840,918,Northern America,1829,Europe and Northern America,905,Northern America,2250,Estimates,All sources of estimates,1950,,6,Estimate,6,Estimate,2022,,Used,2021,Used,,,,,,,Empirical,Complete,None,None,,,,,
United States of America,32,840,USA,US,840,918,Northern America,1829,Europe and Northern America,905,Northern America,552,Register,Vital Registration,1933,,9,Register,36,VR,2020,,,,,Used,Used,,,,,Empirical,Complete,None,None,,,,,
Uruguay,,858,URY,UY,858,931,South America,1830,Latin America and the Caribbean,904,Latin America and the Caribbean,2253,Estimates,All sources of estimates,1950,,6,Estimate,6,Estimate,1970,,,,Used,,,,,,,Empirical,Abridged,None,MAV,,,,,
Uruguay,,858,URY,UY,858,931,South America,1830,Latin America and the Caribbean,904,Latin America and the Caribbean,554,Register,Vital Registration,1948,,9,Register,36,VR,2021,,,,,Used,Used,,,Used,Used,Empirical,Abridged,None,MAV,,,,,
Uzbekistan,,860,UZB,UZ,860,5500,Central Asia,921,Central and Southern Asia,935,Asia,555,Register,Vital Registration,1981,,9,Register,36,VR,2022,,,,,Used,Used,,Used,Used,Used,Empirical,Abridged,3-years,MAV,CD West,"1q0, 5q0 and 45q15",,,
Vanuatu,,548,VUT,VU,548,928,Melanesia,1835,Oceania (excluding Australia and New Zealand),909,Oceania,7548,Register,Vital Registration,1990,,9,Register,36,VR,,,,,,Used,Used,,,,,Model-based,Abridged,None,None,LogQuad,5q0 and 45q15,,,
Venezuela (Bolivarian Republic of),,862,VEN,VE,862,931,South America,1830,Latin America and the Caribbean,904,Latin America and the Caribbean,2255,Estimates,All sources of estimates,1950,,6,Estimate,6,Estimate,1950,,,,Used,,,,,,,Empirical,Abridged,None,MAV-5,CD West,5q0 and 45q15,,,
Venezuela (Bolivarian Republic of),,862,VEN,VE,862,931,South America,1830,Latin America and the Caribbean,904,Latin America and the Caribbean,556,Register,Vital Registration,1948,,9,Register,36,VR,2018,,,,,Used,Used,,Used,Used,Used,Empirical,Abridged,None,MAV-5,CD West,5q0 and 45q15,,,
Viet Nam,,704,VNM,VN,704,920,South-Eastern Asia,1832,Eastern and South-Eastern Asia,935,Asia,4927,Register,Vital Registration,1986,,9,Register,36,VR,2018,,,,,Considered,Considered,Considered,,Considered,Considered,Model-based,Abridged,None,None,CD North,"1q0, 5q0 and 45q15",,,
Wallis and Futuna Islands,2,876,WLF,WF,876,957,Polynesia,1835,Oceania (excluding Australia and New Zealand),909,Oceania,4935,Register,Vital Registration,1948,,9,Register,36,VR,2004,Yes,,,,Used,Used,,,,,Model-based,Abridged,None,None,UN FarEastern,e0,,,
Yemen,,887,YEM,YE,887,922,Western Asia,1833,Northern Africa and Western Asia,935,Asia,2258,Estimates,All sources of estimates,1950,,6,Estimate,6,Estimate,1998,,,,Used,,,,,,,Model-based,Abridged,None,None,CD West,5q0 and 45q15,,,
Yemen,,887,YEM,YE,887,922,Western Asia,1833,Northern Africa and Western Asia,935,Asia,4936,Register,Vital Registration,1990,,9,Register,36,VR,,,,,,Considered,Considered,,,,,Model-based,Abridged,None,None,CD West,5q0 and 45q15,,,
Zambia,,894,ZMB,ZM,894,910,Eastern Africa,947,Sub-Saharan Africa,903,Africa,558,Register,Vital Registration,1999,,9,Register,36,VR,,,,,,Used,Used,,,,,Model-based,Abridged,None,None,HIV/AIDS,"5q0, 45q15, HIV, ART (Child & Adult)",,,Yes
Zimbabwe,,716,ZWE,ZW,716,910,Eastern Africa,947,Sub-Saharan Africa,903,Africa,532,Register,Vital Registration,1950,,9,Register,36,VR,2002,,,,,Used,Used,,Used,Used,Used,Model-based,Abridged,None,None,HIV/AIDS,"5q0, 45q15, HIV, ART (Child & Adult)",,,Yes